timestamp,price_No,price_Yes,price_Yes_nuclear,Country Hourly - Belgium,BE Temp (C),BE Precipitation (mm),BE Wind Speed (km/h),pct_BE_actual_load,pct_BE_forecast_load,pct_BE_forecast_vs_actual_load
2025-01-01 00:00:00+00:00,0.78,0.22,0.22,23.62708333333333,6.6041665,11.0,27.924313,,,-1.5998624029668118
2025-01-02 00:00:00+00:00,0.8,0.2,0.2,115.65208333333334,2.904167,8.0,10.333981,17.732579884238664,24.726871649587512,4.245921939658137
2025-01-03 00:00:00+00:00,0.81,0.19,0.19,120.50083333333333,0.68750006,0.0,13.145383,4.416462898953322,0.9775233538459105,0.8125991338339578
2025-01-04 00:00:00+00:00,0.8200000000000001,0.18,0.18,122.08749999999999,1.0041667,0.1,9.542207,-5.164294304230244,-9.214240427283427,-3.492589423804382
2025-01-05 00:00:00+00:00,0.8200000000000001,0.18,0.18,53.13666666666666,7.5854163,26.399998,22.833347,-3.737612710992666,-2.4851706670450002,-2.2369594528245274
2025-01-06 00:00:00+00:00,0.81,0.19,0.19,39.800000000000004,8.56875,5.3,28.074978,8.74232417742311,10.292596120689069,-0.8432123539361847
2025-01-07 00:00:00+00:00,0.81,0.19,0.19,80.35541666666667,2.7999995,4.7999997,19.114307,3.878236664198398,7.223393311951409,2.34990102587902
2025-01-08 00:00:00+00:00,0.8200000000000001,0.18,0.18,110.88666666666667,1.2875001,12.700001,12.082793,3.795136946617794,1.4394319923508814,0.026996735677120576
2025-01-09 00:00:00+00:00,0.8,0.2,0.2,106.1425,0.26250002,11.200002,14.094057,-0.27148178214634333,-0.2283737347017034,0.07023380164463688
2025-01-10 00:00:00+00:00,0.8,0.2,0.2,113.925,-1.4437499,0.0,10.387309,0.7931105626677315,0.2599425882080064,-0.459110352552905
2025-01-11 00:00:00+00:00,0.8,0.2,0.2,109.34625,-1.8375005,0.0,7.3593593,-5.772025059610519,-8.19645288794334,-3.020236207915372
2025-01-12 00:00:00+00:00,0.8,0.2,0.2,111.93875000000001,0.38125005,0.0,3.6521072,-5.332474294886492,-4.029927435545511,-1.6858748648240218
2025-01-13 00:00:00+00:00,0.8,0.2,0.2,128.67625,-1.7958335,0.0,4.1325636,11.071529663948109,12.315245446592904,-0.5850092383445693
2025-01-14 00:00:00+00:00,0.81,0.19,0.19,136.01,-0.5041666,0.0,9.618356,5.180776429123979,2.8631346771277766,-2.7756028162384427
2025-01-15 00:00:00+00:00,0.81,0.19,0.19,185.70416666666665,3.002083,0.3,4.6786027,-2.810469334161869,-0.9605811591957614,-0.925050998195065
2025-01-16 00:00:00+00:00,0.8,0.2,0.2,141.09708333333333,2.0604167,0.0,5.1019344,0.30862986580291185,-1.2243516575726532,-2.4391786106680358
2025-01-17 00:00:00+00:00,0.8,0.2,0.2,143.17375,-0.65625006,0.0,3.2545543,1.5632778434843786,0.24721158630669482,-3.7033806705001893
2025-01-18 00:00:00+00:00,0.8,0.2,0.2,132.86708333333334,-1.2687501,0.0,5.5328417,-7.1245118475653735,-6.765824609971749,-3.3314809468592887
2025-01-19 00:00:00+00:00,0.8,0.2,0.2,128.13916666666668,-1.7895836,0.0,3.2498937,-6.880262984887753,-4.229714861508771,-0.5799207515749694
2025-01-20 00:00:00+00:00,0.81,0.19,0.19,210.4416666666667,-1.0479168,0.6,4.751378,16.42916450584353,10.21996515376542,-5.882020910696961
2025-01-21 00:00:00+00:00,0.81,0.19,0.19,162.45291666666665,-0.049999993,0.0,7.5786824,0.07326339226696454,2.837104146248204,-3.282654232009552
2025-01-22 00:00:00+00:00,0.81,0.19,0.19,152.00291666666666,3.6937501,11.0,11.686266,-0.5357744488930893,-1.4753314677169893,-4.1962637288395666
2025-01-23 00:00:00+00:00,0.81,0.19,0.19,106.675,4.8624997,4.4,18.468176,-1.901068525974836,-1.2339357457187838,-3.544739680849096
2025-01-24 00:00:00+00:00,0.81,0.19,0.19,78.49708333333334,7.4583325,11.599999,20.228603,-3.1519143063911015,-1.1523494109050292,-1.553285217522804
2025-01-25 00:00:00+00:00,0.81,0.19,0.19,93.86833333333334,6.8958325,19.6,10.8757105,-9.582607348677307,-9.819634435013969,-1.8113609845855971
2025-01-26 00:00:00+00:00,0.79,0.21,0.21,80.72833333333334,4.1916666,3.0999997,16.269705,-2.0079248869803057,-3.193007583387286,-2.9988208577101494
2025-01-27 00:00:00+00:00,0.8,0.2,0.2,52.7275,9.014584,2.8,25.142962,9.316456482836365,12.672376480726744,-0.020969147399119148
2025-01-28 00:00:00+00:00,0.79,0.21,0.21,69.92791666666666,7.5645833,0.6,22.617985,-1.0492259355321831,0.9018034719919577,1.9503345758249413
2025-01-29 00:00:00+00:00,0.81,0.19,0.19,99.98708333333333,6.9145837,7.5,16.33484,-0.7646360920707473,-0.28622516111850294,2.4418343048989932
2025-01-30 00:00:00+00:00,0.81,0.19,0.19,128.77666666666667,5.014584,9.200002,9.305169,4.113619157008008,1.1818625720150466,-0.44284615029897
2025-01-31 00:00:00+00:00,0.79,0.21,0.21,138.03708333333333,2.7395833,0.0,9.472591,0.39214290414446573,0.2808462373208531,-0.5532171321446011
2025-02-01 00:00:00+00:00,0.8,0.2,0.2,133.25958333333332,1.4645833,0.0,6.8993554,-6.882079278128527,-8.977054696396081,-2.790579864461429
2025-02-02 00:00:00+00:00,0.8,0.2,0.2,135.51250000000002,0.6520833,0.0,4.8149743,-1.36700811281264,-2.7059579872715456,-4.11020465122216
2025-02-03 00:00:00+00:00,0.8,0.2,0.2,151.82666666666668,1.63125,0.0,7.939918,12.363307664592904,14.655724630212141,-2.1538774634941027
2025-02-04 00:00:00+00:00,0.8,0.2,0.2,140.97166666666666,1.74375,0.0,13.304583,-0.2881892103576589,-0.025050149481198325,-1.8956619462874413
2025-02-05 00:00:00+00:00,0.8049999999999999,0.195,0.195,146.32708333333332,3.4291668,0.0,8.645593,-0.03349666106035043,-1.315227975472788,-3.1535173074658696
2025-02-06 00:00:00+00:00,0.81,0.19,0.19,142.90125,3.8375003,0.3,11.751065,-0.28137270758951116,1.8082064470674286,-1.124123232046581
2025-02-07 00:00:00+00:00,0.81,0.19,0.19,132.53416666666666,3.3812501,0.0,18.220888,-0.5357849442758966,-0.7758167359579571,-1.362735217688349
2025-02-08 00:00:00+00:00,0.81,0.19,0.19,131.26166666666668,6.3958335,0.0,9.356036,-11.430147768213782,-10.325121253732462,-0.13210436357868893
2025-02-09 00:00:00+00:00,0.81,0.19,0.19,135.40166666666667,4.39375,1.5000001,3.231265,-2.0209220863672606,-3.587722205042587,-1.7291088880847183
2025-02-10 00:00:00+00:00,0.81,0.19,0.19,157.39708333333334,2.5979166,7.7999997,13.318124,13.949874520339334,15.727217016368279,-0.19632061928618327
2025-02-11 00:00:00+00:00,0.81,0.19,0.19,152.57500000000002,3.0583332,13.500002,11.575854,2.1034214184796785,0.7795789943659592,-1.490345275965499
2025-02-12 00:00:00+00:00,0.8200000000000001,0.18,0.18,155.0075,3.4833336,0.4,6.5061054,-1.0738704318004166,0.054804039143663275,-0.3664224770665192
2025-02-13 00:00:00+00:00,0.81,0.19,0.19,162.39374999999998,1.2770835,0.4,7.970815,-1.0846943528781794,1.1921463192173354,1.9269514363688733
2025-02-14 00:00:00+00:00,0.86,0.14,0.14,161.72416666666666,-0.36875,0.0,7.822656,-4.821191018371085,-0.593403894464839,6.4544871081471555
2025-02-15 00:00:00+00:00,0.855,0.14500000000000002,0.14500000000000002,129.52416666666667,0.5,0.2,8.354589,-0.9361702905076319,-8.944082858030155,-2.150855807449925
2025-02-16 00:00:00+00:00,0.85,0.15,0.15,129.3658333333333,0.18749999,0.5,12.156512,-3.1985096371533905,-2.8669190511116383,-1.8156765148081178
2025-02-17 00:00:00+00:00,0.86,0.14,0.14,149.09916666666666,-0.7250001,0.0,9.667269,13.999876780440346,12.077809100225778,-3.471089838088126
2025-02-18 00:00:00+00:00,0.85,0.15,0.15,129.32500000000002,-0.3395835,0.0,11.185274,0.5907681953876365,1.3933215205484961,-2.700943638646458
2025-02-19 00:00:00+00:00,0.859,0.141,0.141,118.04583333333333,2.841667,0.0,10.681055,-1.17502365790485,-0.5790794253543008,-2.114201161011675
2025-02-20 00:00:00+00:00,0.84,0.16,0.16,97.51583333333333,8.529166,0.0,15.131183,-5.587294283529475,-1.9844404921600667,1.621188252859862
2025-02-21 00:00:00+00:00,0.84,0.16,0.16,78.68958333333333,13.51875,0.5,16.753826,-4.928182512937207,-7.579696237043598,-1.2129847169492392
2025-02-22 00:00:00+00:00,0.84,0.16,0.16,81.04041666666667,10.5875,2.0,15.743949,-7.994334829938287,-7.756756542686238,-0.9578955346656426
2025-02-23 00:00:00+00:00,0.85,0.15000000000000002,0.15000000000000002,79.29,9.872916,0.0,15.420585,-2.9667725035170456,-2.264600027854091,-0.2411859962777374
2025-02-24 00:00:00+00:00,0.86,0.14,0.14,87.33458333333334,10.345834,1.4000001,19.533146,8.995316580789293,14.661630905499434,4.94495240432411
2025-02-25 00:00:00+00:00,0.85,0.15000000000000002,0.15000000000000002,124.34875,8.339583,6.8,10.390658,1.5730276645438357,0.5931089780802923,3.9325033095638506
2025-02-26 00:00:00+00:00,0.84,0.16,0.16,119.90458333333333,6.6208344,4.2,15.211091,-0.17543944052660354,0.5874595175530128,4.726796798471677
2025-02-27 00:00:00+00:00,0.86,0.14,0.14,119.96791666666667,4.9916663,2.1,15.532582,1.7427377691727308,-0.6206074072107826,2.294135996545066
2025-02-28 00:00:00+00:00,0.855,0.14500000000000002,0.14500000000000002,121.94875,5.0291667,0.4,11.433987,0.08553793335879245,-2.5863230826181582,-0.4366852567133095
2025-03-01 00:00:00+00:00,0.85,0.15,0.15,115.95291666666667,2.8041668,0.0,9.305267,-8.129049032695745,-5.71540242003733,2.17905622462502
2025-03-02 00:00:00+00:00,0.85,0.15,0.15,89.43833333333333,3.4958334,0.0,7.414706,-2.3216742423705083,-1.67215850300525,2.8584997422796743
2025-03-03 00:00:00+00:00,0.84,0.16,0.16,112.36083333333333,4.1958337,0.0,3.6423278,12.559646326706986,10.658823344876733,1.1215024562433173
2025-03-04 00:00:00+00:00,0.85,0.15,0.15,107.63958333333333,5.570833,0.0,5.1377597,-1.6113198095128456,0.9422467450724392,3.7459963118549933
2025-03-05 00:00:00+00:00,0.83,0.17,0.17,86.09708333333333,7.9125,0.0,6.9155555,-2.022681591537945,-1.8261186755405112,3.9541323977305254
2025-03-06 00:00:00+00:00,0.85,0.15,0.15,84.48041666666667,10.168751,0.0,11.688773,-2.310987971094469,-2.3587722387414023,3.9032835665024246
2025-03-07 00:00:00+00:00,0.84,0.16,0.16,91.75666666666666,11.195832,0.0,11.04974,-3.892415577736541,-3.851953497161431,3.9470277002974896
2025-03-08 00:00:00+00:00,0.83,0.17,0.17,73.07291666666667,11.808333,0.0,10.552131,-8.40772993430603,-9.164750359403994,3.087893812242193
2025-03-09 00:00:00+00:00,0.83,0.17,0.17,68.59,11.306249,0.0,8.516312,-2.7396960889811695,-2.500389573809847,3.3415389648126403
2025-03-10 00:00:00+00:00,0.83,0.17,0.17,105.36583333333334,10.166667,0.0,5.0331254,14.344134944179965,13.778414362761726,2.830254013150091
2025-03-11 00:00:00+00:00,0.84,0.16,0.16,113.18583333333333,5.529167,0.3,9.331749,4.487537366070171,2.5513620716281826,0.9247885159212599
2025-03-12 00:00:00+00:00,0.84,0.16,0.16,117.54583333333333,3.7958336,1.6999999,6.6068544,0.5334545858975304,0.9421384018712731,1.3350631639667876
2025-03-13 00:00:00+00:00,0.84,0.16,0.16,123.3075,3.0250003,2.3,6.288515,2.0890681025366176,1.2426396204262558,0.49488619602457984
2025-03-14 00:00:00+00:00,0.83,0.17,0.17,119.4525,2.79375,0.0,9.062969,0.24352138887098196,-1.8644591687840273,-1.6183802107209044
2025-03-15 00:00:00+00:00,0.835,0.165,0.165,90.80166666666668,2.7208335,0.0,14.449749,-10.129181154362211,-7.1507915902038865,1.642063985171749
2025-03-16 00:00:00+00:00,0.84,0.16,0.16,73.02416666666666,4.089584,0.0,12.601558,-5.760910682954989,-3.1991798333282473,4.405032227092742
2025-03-17 00:00:00+00:00,0.83,0.17,0.17,107.67541666666666,5.1229167,0.1,11.769677,13.925984876200692,10.433874723631265,1.2047625659108663
2025-03-18 00:00:00+00:00,0.835,0.165,0.165,84.50958333333334,4.5729165,0.0,12.682585,-0.8818828657986111,1.4386388596580035,3.574136168275621
2025-03-19 00:00:00+00:00,0.84,0.16,0.16,93.89708333333334,9.483333,0.0,8.96255,-1.638812871785389,-2.0490474545155624,3.142159961265767
2025-03-20 00:00:00+00:00,0.84,0.16,0.16,88.41875,11.618748,0.0,7.3125987,-2.7939016131839356,-1.8236251149937877,4.171688102440063
2025-03-21 00:00:00+00:00,0.84,0.16,0.16,59.803333333333335,13.447918,0.0,12.189771,-12.75296832715208,-2.3479841476863994,16.595088026445094
2025-03-22 00:00:00+00:00,0.84,0.16,0.16,44.343333333333334,13.806249,0.1,10.820016,2.4948560234447914,-11.43046645092669,0.7540569475333214
2025-03-23 00:00:00+00:00,0.84,0.16,0.16,71.21458333333332,11.704166,0.0,8.90364,-4.274057198549097,-3.453522914639273,1.6176907290247788
2025-03-24 00:00:00+00:00,0.838,0.162,0.162,121.11458333333333,10.168749,0.1,6.554546,4.103659268672821,16.07706651658207,13.30517609926134
2025-03-25 00:00:00+00:00,0.836,0.164,0.164,107.9375,8.810416,0.6,8.283062,5.758584885887119,0.7557282139803112,7.945331725195737
2025-03-26 00:00:00+00:00,0.834,0.166,0.166,111.38708333333334,8.727083,0.3,8.976419,5.4500330306850975,-0.39204671242004663,1.9650089342960309
2025-03-27 00:00:00+00:00,0.832,0.168,0.168,95.05791666666666,8.302083,0.0,2.0570614,3.3456104009413234,-1.2145550462691501,-2.5342369336489035
2025-03-28 00:00:00+00:00,0.83,0.17,0.17,85.28416666666666,7.754167,6.2000003,9.543341,-1.8494172957958521,-3.1228942868182563,-3.79882857699656
2025-03-29 00:00:00+00:00,0.84,0.16,0.16,73.0425,8.0875,0.0,10.2684765,-10.688480707847681,-5.801216434632906,1.4654481015703436
2025-03-30 00:00:00+00:00,0.8366666666666667,0.16333333333333333,0.16333333333333333,,,,,,,
2025-03-31 00:00:00+00:00,0.8333333333333333,0.16666666666666669,0.16666666666666669,94.51125,8.4,0.0,9.772525,7.058476230345412,9.605933058118588,5.304946260730148
2025-04-01 00:00:00+00:00,0.83,0.17,0.17,77.54625,8.316667,0.0,14.466287,5.535301239427204,-0.3735856031145346,-0.5910430822379742
2025-04-02 00:00:00+00:00,0.835,0.165,0.165,48.989583333333336,11.33125,0.0,17.877539,1.4477702334899867,-2.489449678012312,-4.44913600687753
2025-04-03 00:00:00+00:00,0.84,0.16,0.16,73.34750000000001,14.212501,0.0,12.817401,-1.759122742921937,0.7231214362175109,-2.0348601720026616
2025-04-04 00:00:00+00:00,0.8375,0.1625,0.1625,79.27749999999999,15.854167,0.0,10.623858,0.15693960307794352,0.5457031509469745,-1.6546041909598297
2025-04-05 00:00:00+00:00,0.835,0.165,0.165,47.44083333333333,13.577084,0.0,13.776725,-8.531940362844292,-7.2717417105435445,-0.299653230480601
2025-04-06 00:00:00+00:00,0.8325,0.1675,0.1675,35.96333333333333,9.775,0.0,14.477623,-1.608124783798326,-4.161079697380865,-2.8865588018180066
2025-04-07 00:00:00+00:00,0.83,0.17,0.17,89.05458333333333,8.693749,0.0,9.5299635,14.71216304130889,12.651059146696975,-4.631455651166572
2025-04-08 00:00:00+00:00,0.84,0.16,0.16,86.61,11.102082,0.0,8.181616,-1.0299897227690535,3.961890510120103,0.17877272044630743
2025-04-09 00:00:00+00:00,0.83,0.17,0.17,76.30375,9.560416,0.0,10.302762,1.001213188951433,0.7902414468089258,-0.030481104723012464
2025-04-10 00:00:00+00:00,0.83,0.17,0.17,79.36166666666666,9.291667,0.0,9.072636,1.675166164966968,0.17073652218764224,-1.5096732543224856
2025-04-11 00:00:00+00:00,0.83,0.17,0.17,74.55458333333333,11.202083,0.0,5.3032775,-2.3131481789961272,-0.19882698324014125,0.6220382455719653
2025-04-12 00:00:00+00:00,0.84,0.16,0.16,50.0225,16.308332,0.0,12.610958,-11.847154076531707,-9.476656929762173,3.3278414679698276
2025-04-13 00:00:00+00:00,0.84,0.16,0.16,37.90833333333333,13.627083,2.4,15.045777,-4.015899476175866,-5.804110780831573,1.4028141645902048
2025-04-14 00:00:00+00:00,0.84,0.16,0.16,87.10416666666667,13.297917,0.1,7.786015,2.188519510560649,11.67635771595188,10.817702441404498
2025-04-15 00:00:00+00:00,0.84,0.16,0.16,71.7475,15.072914,0.1,13.788728,6.3682487633623275,3.497122115057083,7.826474680465068
2025-04-16 00:00:00+00:00,0.84,0.16,0.16,82.88416666666667,10.777083,0.0,9.1482315,8.63388075637852,0.4640181346363237,-0.28266658368365505
2025-04-17 00:00:00+00:00,0.85,0.15,0.15,97.53916666666667,9.679167,0.8,4.3380036,3.0675167603285036,0.24901143829996197,-3.0095571091043993
2025-04-18 00:00:00+00:00,0.85,0.15,0.15,86.99041666666666,11.020835,0.0,7.158437,-3.949552705594195,-1.7846877550484086,-0.8235057551859049
2025-04-19 00:00:00+00:00,0.85,0.15,0.15,61.74208333333333,12.039584,0.0,12.0526905,-12.346718882601293,-10.000214311837151,1.831478679978904
2025-04-20 00:00:00+00:00,0.85,0.15,0.15,74.84125,11.849999,2.5,6.98813,-4.113108437278035,-4.601305408044021,1.313015534391715
2025-04-21 00:00:00+00:00,0.85,0.15,0.15,84.0325,11.754167,1.7,7.3503356,1.991843705854457,-1.0861779199065502,-1.7445196709260813
2025-04-22 00:00:00+00:00,0.845,0.155,0.155,106.85333333333334,12.418751,0.0,8.243458,15.978039293348,11.682047604964673,-5.384042544426004
2025-04-23 00:00:00+00:00,0.84,0.16,0.16,104.44791666666667,11.0125,3.0,6.5222964,3.8312261416019178,2.6370838275843855,-6.472201883167672
2025-04-24 00:00:00+00:00,0.845,0.155,0.155,93.85125,10.620833,9.200002,12.000551,1.392706094253482,4.2878471853447175,-3.8016333391580392
2025-04-25 00:00:00+00:00,0.85,0.15,0.15,88.41958333333334,11.154167,0.0,9.189532,-2.0682770231150283,-2.2602057186601354,-3.990164965739784
2025-04-26 00:00:00+00:00,0.845,0.155,0.155,60.86083333333334,12.052083,0.0,9.124408,-11.647661010654787,-8.565258996919656,-0.6406112104773487
2025-04-27 00:00:00+00:00,0.84,0.16,0.16,28.235,14.620833,0.0,5.392921,-3.6010677635835986,-5.166141923645517,-2.2537495341742875
2025-04-28 00:00:00+00:00,0.85,0.15,0.15,71.54041666666667,15.520832,0.0,6.6999054,14.077818953031617,11.05680297512286,-4.8422718880204
2025-04-29 00:00:00+00:00,0.835,0.165,0.165,68.80916666666667,17.368752,0.0,8.958581,-2.797934954328418,3.9368774101048443,1.750895073595271
2025-04-30 00:00:00+00:00,0.84,0.16,0.16,74.66791666666667,19.543749,0.0,6.6858635,2.126757859407702,3.0508213142261376,2.671557646297451
2025-05-01 00:00:00+00:00,0.85,0.15,0.15,45.47458333333333,22.122915,0.0,6.4788404,-12.247343362196016,-15.036153103676398,-0.5913799228610683
2025-05-02 00:00:00+00:00,0.85,0.15,0.15,66.4175,21.606249,0.0,10.466761,6.068272050047052,7.167307842255721,0.4386512957798905
2025-05-03 00:00:00+00:00,0.85,0.15,0.15,51.69208333333333,15.299999,1.9000001,10.0272665,-3.359649664281239,-4.817301385766748,-1.076291194146739
2025-05-04 00:00:00+00:00,0.835,0.16499999999999998,0.16499999999999998,34.12,10.881249,0.8000001,12.823825,-3.130756444440086,-1.8512705580911448,0.23033085219748006
2025-05-05 00:00:00+00:00,0.8200000000000001,0.18,0.18,67.64583333333333,9.822917,0.0,13.023584,13.360872563154258,14.250555542249144,1.01696222977945
2025-05-06 00:00:00+00:00,0.8,0.2,0.2,78.84958333333334,10.85625,0.0,13.854092,-0.9673592804411157,0.2269624252001945,2.235214613562908
2025-05-07 00:00:00+00:00,0.83,0.17,0.17,89.56875000000001,11.635415,0.0,12.25663,1.360908337152389,3.4069180959396705,4.298872588048441
2025-05-08 00:00:00+00:00,0.83,0.17,0.17,89.5,13.779166,0.0,12.148432,0.4161789113741321,-2.105506549432845,1.6796835944504096
2025-05-09 00:00:00+00:00,0.81,0.19,0.19,71.54625,14.243751,0.0,13.135298,-1.5736811243353577,-2.3545936478932883,0.8729589376986091
2025-05-10 00:00:00+00:00,0.83,0.17,0.17,42.879999999999995,16.15833,0.0,11.503355,-10.855693433327286,-12.190716305371174,-0.6377119344995186
2025-05-11 00:00:00+00:00,0.85,0.15,0.15,-11.420416666666668,18.952084,0.0,11.212554,-1.8260724126420436,-1.3449884954401692,-0.1508046675761543
2025-05-12 00:00:00+00:00,0.84,0.16,0.16,63.553333333333335,19.33125,0.1,7.9838133,16.248759165010917,13.219394005947361,-2.7528081269955984
2025-05-13 00:00:00+00:00,0.85,0.15,0.15,70.95125,19.027084,0.0,6.429214,0.5507152533070103,0.32772854443536836,-2.9684687636021168
2025-05-14 00:00:00+00:00,0.84,0.16,0.16,58.97833333333333,17.477083,0.0,10.33698,-0.6576020923263592,3.6387820444240493,1.227974450463476
2025-05-15 00:00:00+00:00,0.84,0.16,0.16,67.53,13.560416,0.0,13.3000965,-0.6912362299418828,0.11374048690435679,2.0485079002082074
2025-05-16 00:00:00+00:00,0.85,0.15,0.15,67.76875,12.708332,0.0,12.2306595,-3.2784800442289264,-2.2322899636654348,3.1523174428035317
2025-05-17 00:00:00+00:00,0.86,0.14,0.14,60.87416666666667,14.045831,0.1,11.681871,-8.534718727322444,-11.218929679061295,0.1251296801401125
2025-05-18 00:00:00+00:00,0.85,0.15,0.15,64.04958333333333,12.891665,0.3,7.5245504,-1.8876585734358464,-2.442406972865263,-0.4409994594268385
2025-05-19 00:00:00+00:00,0.86,0.14,0.14,83.04083333333334,16.102083,0.0,8.980183,11.652696298043775,15.054296629466846,2.592155497538573
2025-05-20 00:00:00+00:00,0.86,0.14,0.14,80.96416666666666,16.979166,0.0,10.326404,1.3555469302322987,0.103751906391647,1.3250876988190274
2025-05-21 00:00:00+00:00,0.87,0.13,0.13,98.19125000000001,13.835418,0.2,8.219659,3.156772287256948,0.34388189641716416,-1.4378561120374278
2025-05-22 00:00:00+00:00,0.86,0.14,0.14,61.15083333333333,11.677085,0.4,12.782817,-1.0315932275154927,0.701390576538885,0.2880138359691031
2025-05-23 00:00:00+00:00,0.86,0.14,0.14,68.04583333333333,10.970834,0.5,11.018733,-2.1719999144625857,-1.9404891592188278,0.5253462336953341
2025-05-24 00:00:00+00:00,0.87,0.13,0.13,44.10833333333333,12.55,6.799999,17.637335,-10.100530452287638,-8.663130044838452,2.1326435221247664
2025-05-25 00:00:00+00:00,0.87,0.13,0.13,20.13625,16.145836,3.0,19.747574,-1.6981002989956084,-3.82112817193605,-0.07311699312544384
2025-05-26 00:00:00+00:00,0.87,0.13,0.13,58.39958333333333,14.481248,0.9000001,16.845276,12.370763102216298,13.725715454957177,1.1317886379689002
2025-05-27 00:00:00+00:00,0.87,0.13,0.13,52.81791666666667,14.447915,11.4,22.633863,2.731885225654307,0.19537976313086514,-1.365209579785176
2025-05-28 00:00:00+00:00,0.86,0.14,0.14,79.21124999999999,15.795834,8.700001,18.038456,-2.7056862894780043,1.8354721984592093,3.238514920038549
2025-05-29 00:00:00+00:00,0.88,0.12,0.12,53.0825,15.068749,0.5,13.81439,-10.813537825313357,-13.696549242442435,-0.09873840232047515
2025-05-30 00:00:00+00:00,0.87,0.13,0.13,52.94625,19.170834,0.3,11.948254,4.70583415339092,7.091401121122698,2.177363513385777
2025-05-31 00:00:00+00:00,0.88,0.12,0.12,61.39875,19.387499,7.7,5.8697085,-3.4488537945959075,-5.771525359877505,-0.2806545027141616
2025-06-01 00:00:00+00:00,0.85,0.15,0.15,35.663333333333334,16.39375,0.4,14.198129,-2.089031631014371,-2.365568691124287,-0.5622990937060646
2025-06-02 00:00:00+00:00,0.87,0.13,0.13,77.205,14.760418,0.90000004,10.029942,14.840583527248352,14.524594654340305,-0.8359062634788583
2025-06-03 00:00:00+00:00,0.86,0.14,0.14,52.62958333333333,17.397917,0.0,14.121154,1.1750577618567348,1.5030449742701402,-0.5144381527049657
2025-06-04 00:00:00+00:00,0.85,0.15,0.15,75.00166666666667,15.845832,1.1,12.638206,1.9150714228286292,1.962160517210898,-0.4684715950006191
2025-06-05 00:00:00+00:00,0.85,0.15,0.15,73.75416666666666,15.156251,9.0,18.259602,-1.9334602953729352,-1.7941229111298473,-0.3270526884149416
2025-06-06 00:00:00+00:00,0.87,0.13,0.13,48.32708333333333,15.666665,3.3999999,18.368755,-1.5119196257627254,-2.4641400565382554,-1.2907288659286031
2025-06-07 00:00:00+00:00,0.87,0.13,0.13,64.56291666666667,14.233334,6.9999995,17.084663,-11.916687104304625,-9.741236440814838,1.1471579746298532
2025-06-08 00:00:00+00:00,0.85,0.15,0.15,21.264583333333334,13.185414,1.5000001,18.781912,-0.9071397425252647,-2.1894664181387524,-0.16175266228533047
2025-06-09 00:00:00+00:00,0.844,0.156,0.156,44.28333333333333,14.110417,0.0,10.952105,-0.3570654965870723,1.098465543843874,1.2966314042466287
2025-06-10 00:00:00+00:00,0.88,0.12,0.12,67.72833333333334,15.404167,0.7,14.117946,14.811876455405159,14.372785416937672,0.9092285984591442
2025-06-11 00:00:00+00:00,0.88,0.12,0.12,74.39375,16.295834,0.0,8.332089,0.5307611769681975,1.5072629579572006,1.8894066085625605
2025-06-12 00:00:00+00:00,0.84,0.16,0.16,52.528333333333336,22.56458,0.0,11.2891445,1.0094249771568364,-0.7292973951752879,0.13553670172943288
2025-06-13 00:00:00+00:00,0.76,0.24,0.24,69.99291666666666,26.21875,0.0,8.028857,2.9676877546889857,-1.4905737047040457,-4.200099202385809
2025-06-14 00:00:00+00:00,0.83,0.17,0.17,56.17291666666667,23.974998,6.2,11.067006,-12.387117792931225,-8.153007050653882,0.4296696039593595
2025-06-15 00:00:00+00:00,0.8180000000000001,0.182,0.182,64.57291666666667,18.927084,1.1,10.018296,-2.5884989954502835,-4.326362832530184,-1.3620396826725223
2025-06-16 00:00:00+00:00,0.8,0.2,0.2,85.62958333333334,19.370836,0.0,8.153749,14.29851544080627,14.341581289062844,-1.3248744805263724
2025-06-17 00:00:00+00:00,0.83,0.17,0.17,83.14208333333333,21.293753,0.0,5.3334856,2.4591648417209955,0.7160798409958868,-3.003583569199575
2025-06-18 00:00:00+00:00,0.8200000000000001,0.18,0.18,81.575,20.902082,0.0,7.828866,-0.0898724149125174,1.4001063220328902,-1.5570575609256565
2025-06-19 00:00:00+00:00,0.8200000000000001,0.18,0.18,69.90041666666666,21.814583,0.0,9.543051,0.812570198602991,-0.6380194154628427,-2.9735506589478877
2025-06-20 00:00:00+00:00,0.84,0.16,0.16,84.92999999999999,22.429167,0.0,10.900061,-1.055140599597959,1.0397098051014186,-0.9193166350646598
2025-06-21 00:00:00+00:00,0.83,0.17,0.17,70.99416666666666,25.202085,0.0,7.271925,-8.65101680965832,-11.398069355435359,-3.89887736983322
2025-06-22 00:00:00+00:00,0.85,0.15,0.15,38.19166666666667,23.981249,0.5,14.092636,-4.818500425606498,-0.2631058910979589,0.7005304010795577
2025-06-23 00:00:00+00:00,0.91,0.09,0.09,39.905,19.127083,1.1,18.92103,11.452091007026599,11.89536921376173,1.10104644461122
2025-06-24 00:00:00+00:00,0.86,0.14,0.14,57.28208333333333,18.402086,0.4,18.008244,0.1954897438745773,1.3648604405668063,2.2809857953690393
2025-06-25 00:00:00+00:00,0.9,0.1,0.1,89.2575,23.127083,3.1000001,8.275971,1.552359715762286,0.44995670422054435,1.170673173585901
2025-06-26 00:00:00+00:00,0.9,0.1,0.1,87.32,20.439585,7.0999994,16.907219,-2.12166089618554,0.5853958535759318,3.968787201675239
2025-06-27 00:00:00+00:00,0.9,0.1,0.1,83.78625000000001,18.654167,1.0,12.249523,1.2785006607815896,-1.1558182444009635,1.469804865022728
2025-06-28 00:00:00+00:00,0.9,0.1,0.1,50.524166666666666,21.045837,0.3,14.062682,-7.555812912531168,-11.033915502243474,-2.3478758588578286
2025-06-29 00:00:00+00:00,0.89,0.11,0.11,54.01708333333334,22.497917,0.0,7.9376707,-2.6896154490318236,-1.9144209663791045,-1.5699590085356374
2025-06-30 00:00:00+00:00,0.89,0.11,0.11,106.12958333333334,26.258331,0.0,6.9022274,14.261189236988914,13.888627699520484,-1.8909012956739302
2025-07-01 00:00:00+00:00,0.89,0.11,0.11,152.35125000000002,30.22917,0.0,7.25629,7.307759138506742,2.95799905501406,-5.867790243850502
2025-07-02 00:00:00+00:00,0.89,0.11,0.11,118.32875,25.372915,3.8999999,9.855117,-0.2277210158941445,0.9601665731179043,-4.747053253233879
2025-07-03 00:00:00+00:00,0.88,0.12,0.12,90.86791666666666,18.181253,0.0,10.174537,-6.0166871332242415,-1.617950487544273,-0.28889345141951406
2025-07-04 00:00:00+00:00,0.9,0.1,0.1,72.86083333333333,19.654165,0.0,5.052321,-1.3530946235503105,-1.9189816168991514,-0.860885224227137
2025-07-05 00:00:00+00:00,0.91,0.09,0.09,42.32416666666666,19.8625,1.2,16.131657,-11.612736219135567,-9.814853351987606,1.1557007441028944
2025-07-06 00:00:00+00:00,0.91,0.09,0.09,77.16208333333334,17.072916,11.3,13.298315,-3.0845019919492844,-2.8537545682907006,1.396543723965027
2025-07-07 00:00:00+00:00,0.92,0.08,0.08,76.47250000000001,15.562501,5.1,12.778613,10.964012114038567,12.417167976821041,2.7244065073233736
2025-07-08 00:00:00+00:00,0.9299999999999999,0.07,0.07,84.07458333333334,14.752084,2.4,12.707954,3.6715685009792276,2.362897268624975,1.4276915294311632
2025-07-09 00:00:00+00:00,0.94,0.06,0.06,93.51125,17.647917,0.0,7.7207046,0.7829894443896368,-1.2240546613202063,-0.5921915040268511
2025-07-10 00:00:00+00:00,0.9299999999999999,0.07,0.07,91.085,19.8625,0.0,6.5729914,0.42899150577209166,-2.0743816548099314,-3.070109842246893
2025-07-11 00:00:00+00:00,0.9299999999999999,0.07,0.07,92.62124999999999,20.91875,0.0,9.214904,-1.3175879407203994,-0.8671110597636478,-2.627633075834701
2025-07-12 00:00:00+00:00,0.9299999999999999,0.07,0.07,70.93458333333334,20.91875,0.0,8.762196,-11.177858915494266,-9.76406778650134,-1.0777471252646276
2025-07-13 00:00:00+00:00,0.9299999999999999,0.07,0.07,71.765,20.887499,0.0,7.0236773,-2.235607222289726,-3.0986667326912243,-1.9510281707266763
2025-07-14 00:00:00+00:00,0.94,0.06,0.06,84.45666666666666,21.127085,0.3,12.595457,14.762128434769672,12.63290050058814,-3.770170187209332
2025-07-15 00:00:00+00:00,0.9299999999999999,0.07,0.07,67.92,19.314583,0.3,15.768898,-1.9056748569422743,0.4899516859964592,-1.4200777207409532
2025-07-16 00:00:00+00:00,0.92,0.08,0.08,81.80833333333334,19.004164,0.70000005,16.84734,-2.570024795093373,-0.08271421500003484,1.0965901030401515
2025-07-17 00:00:00+00:00,0.92,0.08,0.08,92.74624999999999,20.506248,0.0,5.823228,3.0833273300946207,-2.356506166853045,-4.2384008359761305
2025-07-18 00:00:00+00:00,0.9299999999999999,0.07,0.07,98.86166666666666,24.110418,0.0,5.834965,0.052173376701847296,0.7126470102441385,-3.6062505365963338
2025-07-19 00:00:00+00:00,0.9299999999999999,0.07,0.07,65.79833333333333,24.139587,1.1,13.032844,-10.067612660740666,-8.620776979926015,-2.0554642152564973
2025-07-20 00:00:00+00:00,0.92,0.08,0.08,74.1275,20.316668,8.099999,10.352887,-4.1311602515293195,-3.5440519949818894,-1.4556442341886022
2025-07-21 00:00:00+00:00,0.91,0.09,0.09,70.38666666666667,18.295834,14.699999,16.009306,-1.268705880297094,-3.463087611006632,-3.6458711109361164
2025-07-22 00:00:00+00:00,0.92,0.08,0.08,72.8225,17.997915,2.7,15.374208,10.570947829283405,14.55307424739376,-0.1757523349303569
2025-07-23 00:00:00+00:00,0.9299999999999999,0.07,0.07,84.5925,18.068747,1.2,9.394384,-1.3904991643396314,-0.00018775456361863618,1.231685988201936
2025-07-24 00:00:00+00:00,0.92,0.08,0.08,91.66708333333334,19.060417,0.90000004,5.4715524,2.130104083641915,-1.9283673130616075,-2.791083847484488
2025-07-25 00:00:00+00:00,0.92,0.08,0.08,90.92708333333333,19.45625,1.3,7.555103,-0.9122191473686092,2.335912478428126,0.3954579455344165
2025-07-26 00:00:00+00:00,0.92,0.08,0.08,81.25,20.19375,0.8,8.637921,-9.252980141392374,-7.223249950607935,2.6409938576468006
2025-07-27 00:00:00+00:00,0.92,0.08,0.08,70.66791666666667,17.641668,6.299999,8.099832,-1.846680287253144,-4.330130829188505,0.04399731625062131
2025-07-28 00:00:00+00:00,0.92,0.08,0.08,80.34416666666667,16.874996,0.8000001,10.27624,12.154944981484995,12.463222871368341,0.3189861042460107
2025-07-29 00:00:00+00:00,0.91,0.09,0.09,74.88458333333334,17.389584,2.1999998,9.702161,0.3772802574399048,1.0251278209227666,0.9664574299486306
2025-07-30 00:00:00+00:00,0.92,0.08,0.08,72.15041666666666,17.456251,0.70000005,9.479099,-0.7469241574733054,0.06789889349620992,1.7953465720764061
2025-07-31 00:00:00+00:00,0.91,0.09,0.09,85.22375,18.024996,14.800001,11.636478,-0.009267272302726504,-1.271434373964142,0.5104001171345018
2025-08-01 00:00:00+00:00,0.91,0.09,0.09,83.67583333333333,16.947916,1.3000002,11.135834,-1.2817501557429778,0.5808713890429473,2.406836055054651
2025-08-02 00:00:00+00:00,0.91,0.09,0.09,58.19416666666667,15.827081,2.4,13.028936,-6.754562171485978,-8.392796616203867,0.6076444794999913
2025-08-03 00:00:00+00:00,0.91,0.09,0.09,39.82666666666667,17.687502,2.8,14.337172,-3.4284398462802623,-2.8560843291988047,1.2039208603180418
2025-08-04 00:00:00+00:00,0.92,0.08,0.08,52.39333333333334,20.612501,2.4,16.595133,15.15637004814483,15.765890564605867,1.7395913237485239
2025-08-05 00:00:00+00:00,0.92,0.08,0.08,26.44125,18.11875,0.9000001,13.363182,-0.6142331743889451,1.3381850290608899,3.7382500498071236
2025-08-06 00:00:00+00:00,0.92,0.08,0.08,61.22,17.6625,0.0,6.2296753,0.2768642383190967,-0.4073435879169973,3.030424539872678
2025-08-07 00:00:00+00:00,0.9,0.1,0.1,60.64416666666667,20.164583,0.0,10.653044,1.156383128650007,-0.05426788424136575,1.7973447878100846
2025-08-08 00:00:00+00:00,0.92,0.08,0.08,68.34041666666667,20.133333,0.0,9.987288,-0.33774740134614456,-0.5011616782867545,1.6304296413105712
2025-08-09 00:00:00+00:00,0.91,0.09,0.09,47.99041666666667,19.039583,0.0,8.066104,-8.059776316029776,-9.97404676705722,-0.48559880186911375
2025-08-10 00:00:00+00:00,0.9,0.1,0.1,43.395,20.154167,0.0,6.5001206,-3.0776266152402254,-2.4131949671969966,0.19660196646769101
2025-08-11 00:00:00+00:00,0.92,0.08,0.08,73.18833333333333,22.8375,0.0,9.411292,17.995688149875356,15.908352510294144,-1.5758690579301904
2025-08-12 00:00:00+00:00,0.91,0.09,0.09,83.25083333333333,25.854166,0.0,6.850597,3.6853239326815723,3.6576687566231003,-1.6021209571032147
2025-08-13 00:00:00+00:00,0.9299999999999999,0.07,0.07,99.58333333333333,25.918753,0.0,6.822875,1.9651753627803359,1.8149682195726768,-1.7470730376163868
2025-08-14 00:00:00+00:00,0.92,0.08,0.08,97.24291666666666,25.456251,1.5,8.52416,0.5370465127499502,-1.5371912635824936,-3.7741858264803696
2025-08-15 00:00:00+00:00,0.94,0.06,0.06,69.1775,22.483332,0.0,7.4034595,-14.012959885950005,-12.528389483790114,-2.1128424954822367
2025-08-16 00:00:00+00:00,0.94,0.06,0.06,57.97958333333333,19.616669,0.2,11.43695,-1.4184717780485578,1.0518387378214644,0.34006809449773634
2025-08-17 00:00:00+00:00,0.9299999999999999,0.07,0.07,60.26625000000001,18.147913,0.0,10.060706,-2.9315325565063444,-1.9388909885685202,1.3661657052207232
2025-08-18 00:00:00+00:00,0.92,0.08,0.08,85.84625,21.085417,0.1,9.734552,15.966468536890721,13.720666231724099,-0.5968876797693423
2025-08-19 00:00:00+00:00,0.9299999999999999,0.07,0.07,75.73625,22.325003,0.0,9.23194,3.7035971306662807,3.403538769813408,-0.8845029194692877
2025-08-20 00:00:00+00:00,0.9299999999999999,0.07,0.07,80.17416666666666,19.158333,0.0,11.656856,-1.45586854946953,0.18946017079524147,0.7703655295137057
2025-08-21 00:00:00+00:00,0.92,0.08,0.08,76.9275,18.44375,0.0,13.443046,-0.6296840108950708,-2.303749754225426,-0.9272864825251137
2025-08-22 00:00:00+00:00,0.9299999999999999,0.07,0.07,85.18916666666667,16.025002,0.5,7.7808313,-1.2140582351417017,-2.721550487177593,-2.4391549260255885
2025-08-23 00:00:00+00:00,0.92,0.08,0.08,69.43083333333333,16.472918,0.3,9.606576,-10.254884591285885,-7.692149791506154,0.3467635234448707
2025-08-24 00:00:00+00:00,0.9299999999999999,0.07,0.07,62.44166666666666,16.252085,0.0,5.3687234,-4.055688833648929,-5.134626370794615,-0.7816815983175629
2025-08-25 00:00:00+00:00,0.92,0.08,0.08,85.49624999999999,18.752085,0.0,7.0041366,15.284039873817035,16.06482897700381,-0.10970148789340994
2025-08-26 00:00:00+00:00,0.94,0.06,0.06,86.64458333333334,22.139585,0.0,12.279257,5.082353813649143,3.364079283458943,-1.7430771167913806
2025-08-27 00:00:00+00:00,0.9299999999999999,0.07,0.07,96.61041666666667,20.860418,0.0,8.948538,0.8694014691241536,-0.10444528863865488,-2.6917016192065324
2025-08-28 00:00:00+00:00,0.91,0.09,0.09,87.46749999999999,19.335417,1.3000001,10.688426,0.1706996672879324,-0.7139787660931041,-3.5511001584243695
2025-08-29 00:00:00+00:00,0.9299999999999999,0.07,0.07,69.66,16.50625,2.7999997,14.981168,-4.845135887408425,-0.5746132606750387,0.7774984154712117
2025-08-30 00:00:00+00:00,0.91,0.09,0.09,51.259166666666665,17.66875,0.5,15.938161,-8.889905617921857,-11.486094591202644,-2.094163960860762
2025-08-31 00:00:00+00:00,0.91,0.09,0.09,39.92958333333333,19.318748,2.1999998,12.090132,-1.522986019015271,-3.601474099581603,-4.16059657288661
2025-09-01 00:00:00+00:00,0.9299999999999999,0.07,0.07,67.74,17.683332,0.4,13.603793,15.077174036350382,16.89480383562223,-2.6468249924467724
2025-09-02 00:00:00+00:00,0.9299999999999999,0.07,0.07,71.63458333333334,16.727083,0.1,15.717897,-0.6791904336367782,3.147803695134055,1.104352940936515
2025-09-03 00:00:00+00:00,0.9,0.1,0.1,36.192083333333336,19.168749,2.0,22.630735,0.9585602779584868,-0.43184488866130355,-0.2880600878328643
2025-09-04 00:00:00+00:00,0.9299999999999999,0.07,0.07,59.64416666666667,17.225,5.2000003,15.261298,0.10103566777504014,-0.8626638300489486,-1.2480136565384936
2025-09-05 00:00:00+00:00,0.9299999999999999,0.07,0.07,85.38666666666667,16.122915,0.0,10.069375,-1.740785838361547,-1.8748453808230092,-1.3827455106380726
2025-09-06 00:00:00+00:00,0.9299999999999999,0.07,0.07,48.30666666666667,17.866667,0.0,9.671478,-8.389166826690243,-9.906811458745956,-3.016460014911959
2025-09-07 00:00:00+00:00,0.95,0.05,0.05,28.11708333333333,21.949999,0.0,12.219866,-2.5824995055103273,-2.504905931024526,-2.939212092356658
2025-09-08 00:00:00+00:00,0.95,0.05,0.05,99.77208333333334,20.060415,0.3,8.546038,13.414963257862066,14.882018811367459,-1.683702556072908
2025-09-09 00:00:00+00:00,0.9299999999999999,0.07,0.07,103.15333333333332,16.525,0.4,5.8595204,0.8007632263815623,1.8461432111805287,-0.6640883563609368
2025-09-10 00:00:00+00:00,0.92,0.08,0.08,81.955,17.31875,0.4,13.241052,-1.3163614684407743,-1.0861070102028747,-0.43231197620892114
2025-09-11 00:00:00+00:00,0.92,0.08,0.08,36.104166666666664,15.958332,1.8000001,19.338194,0.7218502770447222,-0.6305527842604075,-1.7692179774397077
2025-09-12 00:00:00+00:00,0.92,0.08,0.08,35.112500000000004,15.093749,0.3,17.334488,-0.6711776410069481,-1.7262469208336517,-2.812623889077137
2025-09-13 00:00:00+00:00,0.9299999999999999,0.07,0.07,36.693333333333335,14.125,9.900001,16.571934,-12.303434494319543,-9.421812766414405,0.38085641501965917
2025-09-14 00:00:00+00:00,0.94,0.06,0.06,36.8725,15.295834,5.2,16.254448,-2.664557434807868,-2.717566578492936,0.3261887307650868
2025-09-15 00:00:00+00:00,0.95,0.05,0.05,3.9587499999999998,16.597918,3.3999996,27.425203,13.243009601395839,14.529133844512177,1.4656139721135997
2025-09-16 00:00:00+00:00,0.91,0.09,0.09,30.17833333333333,15.175,0.2,21.700851,-0.025520597819228552,0.9028635005687402,2.407845060569014
2025-09-17 00:00:00+00:00,0.931,0.069,0.069,74.12875,15.389584,0.70000005,15.06702,0.8687366685884657,-0.5348437704310705,0.9828480508273563
2025-09-18 00:00:00+00:00,0.92,0.08,0.08,62.020833333333336,18.118748,0.0,14.374494,1.1502298322797255,1.06040724189298,0.8931740974255975
2025-09-19 00:00:00+00:00,0.94,0.06,0.06,83.26791666666666,20.789585,0.0,10.815546,2.9243893747312733,-0.7238854183004184,-2.6831019056163474
2025-09-20 00:00:00+00:00,0.94,0.06,0.06,44.15416666666667,21.2875,3.3000002,15.867747,-12.86399249796968,-9.927736329387816,0.5962237202476572
2025-09-21 00:00:00+00:00,0.95,0.05,0.05,32.39541666666667,14.2625,0.5,13.164481,-1.592256182531393,-4.1090566956149654,-1.976547665945283
2025-09-22 00:00:00+00:00,0.94,0.06,0.06,69.16375,12.260417,0.1,14.452509,14.671713539703891,16.042367085348697,-0.8048882536047186
2025-09-23 00:00:00+00:00,0.95,0.05,0.05,93.57333333333334,12.727082,0.1,13.777126,0.7228738867360196,0.12164284049565044,-1.3969998417259988
2025-09-24 00:00:00+00:00,0.95,0.05,0.05,67.365,12.212501,0.0,15.904616,-0.0029691087270466987,0.07121559207017292,-1.3238493291632514
2025-09-25 00:00:00+00:00,0.9299999999999999,0.07,0.07,78.085,10.743751,0.5,13.634197,1.9377108897588036,0.7174808898074536,-2.505037314230829
2025-09-26 00:00:00+00:00,0.95,0.05,0.05,93.25458333333334,11.575,0.1,7.86237,-1.161035134798749,1.0675283425802373,-0.3067776160818769
2025-09-27 00:00:00+00:00,0.9299999999999999,0.07,0.07,79.72708333333334,12.647918,0.0,4.0111146,-11.812095759284691,-11.069340695855356,0.5328800030982128
2025-09-28 00:00:00+00:00,0.94,0.06,0.06,73.21291666666666,14.2625,0.0,4.1674075,-3.0800090777058586,-3.6075579516786638,-0.014334324288578504
2025-09-29 00:00:00+00:00,0.94,0.06,0.06,99.52791666666667,13.868752,0.0,6.5110884,15.722524134326822,14.938620496643274,-0.6916365835135996
2025-09-30 00:00:00+00:00,0.92,0.08,0.08,98.98614583333334,14.337499,0.0,7.5886345,0.7306269593040593,0.9750233628051053,-0.450690928858144
2025-10-01 00:00:00+00:00,0.95,0.05,0.05,99.96875,12.6916685,0.0,5.220365,0.6978784889653422,-0.15312755983026838,-1.2919903230876884
2025-10-02 00:00:00+00:00,0.9299999999999999,0.07,0.07,82.05114583333334,13.508332,0.0,9.571484,0.5102428403794601,0.8305942041749725,-0.9773831285974977
2025-10-03 00:00:00+00:00,0.95,0.05,0.05,55.375,12.631249,4.1,17.039654,-1.6249899979459248,-0.7100029019158849,-0.05637263364998146
2025-10-04 00:00:00+00:00,0.94,0.06,0.06,0.08447916666666667,13.704166,15.400002,26.939243,-8.581751090240441,-11.556385596295915,-3.308412200911437
2025-10-05 00:00:00+00:00,0.94,0.06,0.06,9.024270833333334,11.875001,0.1,19.53039,-4.445144353735653,-2.8774827670185354,-1.722101521813657
2025-10-06 00:00:00+00:00,0.96,0.04,0.04,88.89697916666667,12.729165,0.0,12.354637,16.33688527815402,15.859942364979563,-2.1250085369772354
2025-10-07 00:00:00+00:00,0.96,0.04,0.04,117.38499999999999,13.924999,0.0,8.672603,1.4767820206829096,1.6789746049345355,-1.9299925238218218
2025-10-08 00:00:00+00:00,0.96,0.04,0.04,109.98864583333334,14.247916,0.2,5.278266,0.9646792719561814,-0.1792924291087683,-3.041166392594119
2025-10-09 00:00:00+00:00,0.96,0.04,0.04,98.79458333333334,12.970834,0.5,7.0932493,-0.2576776258309543,1.6186052205310109,-1.217244591190858
2025-10-10 00:00:00+00:00,0.94,0.06,0.06,94.44770833333332,13.899998,0.0,3.7903059,-4.141426658791336,-1.9117568207868474,1.0804417040767067
2025-10-11 00:00:00+00:00,0.9299999999999999,0.07,0.07,91.46354166666667,14.122916,0.1,4.4583898,-14.820973998838083,-10.35997213076999,6.3742336201862315
2025-10-12 00:00:00+00:00,0.9299999999999999,0.07,0.07,83.38520833333332,14.108334,0.0,7.3843503,-2.597505116604726,-4.821072493977607,3.9458535673544626
2025-10-13 00:00:00+00:00,0.94,0.06,0.06,110.98395833333332,14.004166,0.1,8.592649,19.698792824266253,16.088207837323697,0.8104390030971631
2025-10-14 00:00:00+00:00,0.9299999999999999,0.07,0.07,120.91250000000001,12.408332,0.0,7.5689483,2.263142008923147,1.860813304918918,0.41382559500655614
2025-10-15 00:00:00+00:00,0.9299999999999999,0.07,0.07,115.49552083333333,12.408334,0.2,4.6656795,3.324346813490231,1.523415096894687,-1.3363760648710477
2025-10-16 00:00:00+00:00,0.9299999999999999,0.07,0.07,95.83583333333333,12.337499,0.2,6.907605,0.9040036628719106,0.2833914087293943,-1.9432088151039473
2025-10-17 00:00:00+00:00,0.94,0.06,0.06,100.966875,11.747917,0.0,5.044313,-1.4349541505403907,-1.2398488532016971,-1.7491095861599693
2025-10-18 00:00:00+00:00,0.9299999999999999,0.07,0.07,88.35208333333333,11.264584,0.2,8.830569,-10.951253429232178,-11.879557123892093,-2.7733425831096947
2025-10-19 00:00:00+00:00,0.9299999999999999,0.07,0.07,60.43572916666667,12.114583,2.3,13.310206,-2.5365602999353754,-2.603390227598734,-2.8400101509907016
2025-10-20 00:00:00+00:00,0.9299999999999999,0.07,0.07,61.428958333333334,14.78125,2.5,20.36572,12.093269969030285,15.372858194540061,0.002665049647965212
2025-10-21 00:00:00+00:00,0.9299999999999999,0.07,0.07,64.0903125,13.204167,2.7999997,20.461657,0.6187353234345716,0.49098403448140093,-0.12430404132476314
2025-10-22 00:00:00+00:00,0.94,0.06,0.06,106.78760416666667,12.754166,3.8000002,11.708391,1.8900680455680163,0.1745357078020815,-1.8059202131518126
2025-10-23 00:00:00+00:00,0.95,0.05,0.05,57.4453125,11.481251,19.300001,27.582714,-0.020745363631990976,1.9098015341199037,0.09015589583274419
2025-10-24 00:00:00+00:00,0.94,0.06,0.06,34.5928125,8.3625,4.2,22.763813,-0.1632078473991827,-1.3496646446077287,-1.0993118668609858
2025-10-25 00:00:00+00:00,0.94,0.06,0.06,15.364270833333334,8.70625,17.5,19.33886,-8.840566000145833,-10.21397162829938,-2.589347025597599
2025-10-26 00:00:00+00:00,0.94,0.06,0.06,,,,,,,
2025-10-27 00:00:00+00:00,0.96,0.04,0.04,62.0303125,9.627082,8.499999,20.41605,9.945465565027977,12.634403248692605,0.43709919812813247
2025-10-28 00:00:00+00:00,0.96,0.04,0.04,63.37020833333333,11.23125,3.2999995,19.434984,-0.3553427598904424,-1.4971431835287707,-0.713781597588703
2025-10-29 00:00:00+00:00,0.96,0.04,0.04,86.82687499999999,11.795834,5.2,14.059119,-0.912343996013476,0.80703297079463,1.0090408399076267
2025-10-30 00:00:00+00:00,0.9299999999999999,0.07,0.07,69.19458333333334,9.800001,0.6,14.199108,2.1361385210288963,-0.3635699013915361,-1.4630826786072304
2025-10-31 00:00:00+00:00,0.9299999999999999,0.07,0.07,65.3925,11.556251,0.0,14.491397,-5.655946152090207,-2.2265917828141912,2.1186799674611567
2025-11-01 00:00:00+00:00,0.95,0.05,0.05,39.201145833333335,12.556252,5.9999995,18.313385,-8.963072102982316,-12.564498804598113,-1.9211415562242928
2025-11-02 00:00:00+00:00,0.95,0.05,0.05,67.0753125,10.1125,2.3999999,15.84105,-0.6221211348421685,3.8581526147373424,2.500568183330576
2025-11-03 00:00:00+00:00,0.95,0.05,0.05,62.73072916666666,9.858333,0.0,17.857649,17.817996017076034,14.81577591006431,-0.11133557656293203
2025-11-04 00:00:00+00:00,0.96,0.04,0.04,54.58208333333334,13.331249,0.0,16.082195,2.3604261127796455,-1.7352650309777284,-4.10812548626952
2025-11-05 00:00:00+00:00,0.92,0.08,0.08,71.119375,13.775001,0.0,13.591857,-13.205072396927264,0.5025498681250129,11.036188017086367
2025-11-06 00:00:00+00:00,0.95,0.05,0.05,97.52854166666667,12.0,0.0,9.285843,2.1639762667159834,0.893582206996868,9.655469305605301
2025-11-07 00:00:00+00:00,0.95,0.05,0.05,92.5265625,11.658334,0.0,8.821678,10.145276584574514,-0.3029369948816196,-0.746281899592649
2025-11-08 00:00:00+00:00,0.94,0.06,0.06,92.22052083333334,11.372916,0.0,8.74953,-9.817483645745329,-10.102065424929773,-1.0594889471397528
2025-11-09 00:00:00+00:00,0.95,0.05,0.05,88.65520833333333,10.0,0.0,9.711114,-3.5816670403637008,-2.7546778537203553,-0.21086679977347922
2025-11-10 00:00:00+00:00,0.94,0.06,0.06,82.55729166666667,9.368751,1.8000001,14.494635,4.36034948230879,7.4481694488662376,2.7416997589783554
2025-11-11 00:00:00+00:00,0.961,0.039,0.039,70.7546875,10.564583,0.0,16.602203,-4.791042385375444,-8.660287469589523,-1.4336722511355537
2025-11-12 00:00:00+00:00,0.965,0.035,0.035,65.796875,12.620834,0.0,16.313665,15.08741408776868,12.721693808475077,-3.459787463292119
2025-11-13 00:00:00+00:00,0.969,0.031,0.031,66.50927083333333,14.083333,0.90000004,13.163122,-7.465769492204499,1.4710109798861781,5.86388315497548
2025-11-14 00:00:00+00:00,0.966,0.034,0.034,79.67645833333333,14.531249,1.4,11.893383,6.101262433285903,-1.9827646134072952,-2.202057579998362
2025-11-15 00:00:00+00:00,0.965,0.035,0.035,77.83177083333334,13.154167,9.900001,6.472887,-7.080039762283485,-6.801854330610013,-1.9092683584007064
2025-11-16 00:00:00+00:00,0.972,0.028,0.028,84.923125,8.252084,7.9,8.554487,-1.2362400777882199,-0.3462316720506231,-1.0253249387219165
2025-11-17 00:00:00+00:00,0.964,0.036,0.036,89.76489583333334,4.902084,0.90000004,10.648391,17.00172235831834,15.641706579825776,-2.17579620565147
2025-11-18 00:00:00+00:00,0.969,0.031,0.031,99.19541666666667,3.0875003,1.3000001,13.976602,2.679499380669581,1.4922411557706017,-3.306913821627111
2025-11-19 00:00:00+00:00,0.965,0.035,0.035,98.88260416666667,4.6062503,4.2,14.844772,-0.8614474770462621,-2.161546795121283,-4.574943384333974
2025-11-20 00:00:00+00:00,0.9659333333333333,0.03406666666666667,0.03406666666666667,116.94625,1.4979167,2.8999999,9.528816,4.203888690227986,-0.22990049788838007,-8.635200536115395
2025-11-21 00:00:00+00:00,0.9668666666666667,0.033133333333333334,0.033133333333333334,133.74177083333333,1.2000002,0.2,6.5524964,-2.2491237022004396,2.525904362544451,-4.172125645198443
2025-11-22 00:00:00+00:00,0.9678,0.032200000000000006,0.032200000000000006,90.6303125,-0.46875,0.0,14.532507,-4.723043768471181,-5.077328735744824,-4.528459187667955
2025-11-23 00:00:00+00:00,0.9687333333333333,0.03126666666666667,0.03126666666666667,71.34489583333333,2.55,3.8999999,20.496355,-4.0663397877846785,-3.061416210335366,-3.528376399984323
2025-11-24 00:00:00+00:00,0.9696666666666667,0.030333333333333337,0.030333333333333337,112.11510416666665,5.5,8.9,12.157144,4.745534214312652,11.94503949427066,3.1024357743406172
2025-11-25 00:00:00+00:00,0.9706,0.029400000000000003,0.029400000000000003,107.88166666666666,4.1479173,0.5,10.2125225,-0.6040862998866192,0.4031592080707025,4.14724195828986
2025-11-26 00:00:00+00:00,0.9715333333333334,0.028466666666666668,0.028466666666666668,132.98989583333335,3.4624996,0.0,7.253159,-7.7986459758055515,-2.398608458830964,10.246924764646659
2025-11-27 00:00:00+00:00,0.9724666666666667,0.027533333333333337,0.027533333333333337,88.04458333333334,5.0916667,1.1,18.266512,8.674547365272245,-0.9356333298759956,0.4976974270664458
2025-11-28 00:00:00+00:00,0.9734,0.026600000000000002,0.026600000000000002,82.77052083333334,8.256249,3.4999998,16.827267,6.131510393911221,0.05610560053543878,-5.2552047073278985
2025-11-29 00:00:00+00:00,0.9743333333333333,0.02566666666666667,0.02566666666666667,86.74520833333334,8.770833,1.8000001,17.085365,-8.661115581547008,-7.8689635543082055,-4.433514338113664
2025-11-30 00:00:00+00:00,0.9752666666666666,0.024733333333333336,0.024733333333333336,83.14458333333333,5.635416,0.1,13.86449,-1.9043684144457007,-3.38904017824766,-5.879907623264613
2025-12-01 00:00:00+00:00,0.9762,0.0238,0.0238,88.86114583333334,5.0645833,0.6,20.551535,16.6594676380587,14.196245133437756,-7.867219363779898
2025-12-02 00:00:00+00:00,0.9771333333333333,0.022866666666666667,0.022866666666666667,92.80645833333334,7.383333,0.1,15.538254,-7.406548056549966,0.7817990495406324,0.2803890454996294
2025-12-03 00:00:00+00:00,0.9780666666666666,0.021933333333333336,0.021933333333333336,119.05677083333335,6.8874993,0.2,9.41474,-9.404002914696308,-4.534423087725081,5.670509748923158
2025-12-04 00:00:00+00:00,0.979,0.021,0.021,102.21947916666666,6.077083,1.3000001,13.897448,5.689185631003757,4.0531966243868345,4.034809830897368
2025-12-05 00:00:00+00:00,0.9799333333333333,0.02006666666666667,0.02006666666666667,106.80874999999999,4.160416,0.1,13.938941,5.878836328159109,3.062717173476126,1.267737289501536
2025-12-06 00:00:00+00:00,0.9808666666666667,0.019133333333333336,0.019133333333333336,66.59989583333333,8.554167,3.0,21.695658,-2.2764539225646474,-9.138901857325521,-5.843594651621209
2025-12-07 00:00:00+00:00,0.9818,0.0182,0.0182,60.39875,10.952084,6.7,18.915907,-5.635222605260459,-3.5653639914307367,-3.7783066062487936
2025-12-08 00:00:00+00:00,0.9827333333333333,0.01726666666666667,0.01726666666666667,65.81364583333333,12.364583,10.7,16.699797,11.806788862289341,12.093485448621344,-3.5315735473014476
2025-12-09 00:00:00+00:00,0.9836666666666667,0.016333333333333335,0.016333333333333335,76.29802083333333,12.456249,0.0,17.803238,-0.9371031608944258,-2.6941622352770644,-5.242615011851248
2025-12-10 00:00:00+00:00,0.9846,0.0154,0.0154,75.60208333333334,11.508335,0.3,14.442621,-1.9702442987573066,-6.721917642990604,-9.835670836550525
2025-12-11 00:00:00+00:00,0.9855333333333334,0.01446666666666667,0.01446666666666667,90.89968750000001,7.297917,0.0,11.348564,0.9861632065802928,6.910227837701233,-4.546438169167311
2025-12-12 00:00:00+00:00,0.9864666666666667,0.013533333333333335,0.013533333333333335,104.49333333333334,9.029166,0.0,11.309464,-1.1599888833979444,2.845570894245242,-0.6781165898495423
2025-12-13 00:00:00+00:00,0.9874,0.0126,0.0126,90.50479166666668,7.6395817,0.3,6.4438844,-9.364090042665218,-6.459678845269689,2.50463504202183
2025-12-14 00:00:00+00:00,0.9883333333333333,0.011666666666666669,0.011666666666666669,81.23239583333334,7.027083,0.0,13.075294,-1.5966061493507655,-2.8625368472044332,1.1859430833996543
2025-12-15 00:00:00+00:00,0.9892666666666666,0.010733333333333334,0.010733333333333334,84.23854166666666,7.6062503,0.0,15.263257,15.453217245838701,13.231693323327342,-0.761053271868628
2025-12-16 00:00:00+00:00,0.9902,0.0098,0.0098,102.47031249999999,9.885417,2.4,11.894152,-1.4508927273712557,-1.0211080770915593,-0.32826014776975443
2025-12-17 00:00:00+00:00,0.9911333333333333,0.008866666666666669,0.008866666666666669,98.79052083333333,7.689583,0.0,12.557293,-0.6868479306499364,-1.180677409344133,-0.8238726855472334
2025-12-18 00:00:00+00:00,0.9920666666666667,0.007933333333333334,0.007933333333333334,62.0221875,10.374998,0.1,21.919254,3.291965256311946,-0.22237344175726204,-4.19817678830049
2025-12-19 00:00:00+00:00,0.993,0.007,0.007,72.15947916666667,9.354167,4.9,13.861497,-4.925685606958785,1.164834239779644,1.9389477268702215
2025-12-20 00:00:00+00:00,0.996,0.004,0.004,93.4615625,5.4,0.1,8.63527,-9.243602731556988,-7.463990690597999,3.937834684456698
2025-12-21 00:00:00+00:00,0.994,0.006,0.006,82.32135416666667,8.658333,0.0,10.844595,-4.290705887700508,-4.322060219756985,3.903784685319689
2025-12-22 00:00:00+00:00,0.995,0.005,0.005,83.22979166666667,4.829167,0.0,8.250742,8.4710976115272,14.221391479412393,9.411955148071272
2025-12-23 00:00:00+00:00,0.997,0.003,0.003,75.503125,3.5375004,0.0,14.830514,5.50154730061545,-12.031641697023531,-8.771100335904002
2025-12-24 00:00:00+00:00,0.995,0.005,0.005,60.613125,0.85416657,0.0,21.434181,0.3210737082238513,2.0699475695161507,-7.18072822245327
2025-12-25 00:00:00+00:00,0.996,0.004,0.004,65.11177083333334,-2.1645837,0.0,17.095533,-7.919106069017157,-8.922982208329067,-8.192654239110187
2025-12-26 00:00:00+00:00,0.995,0.005,0.005,94.61666666666667,-1.1395835,0.0,11.853767,5.632699966757548,8.046281057833005,-6.09496598708178
2025-12-27 00:00:00+00:00,0.998,0.002,0.002,88.20760416666667,0.52708334,0.0,12.16662,-3.1433324932438667,-4.065328595015483,-6.988864956820773
2025-12-28 00:00:00+00:00,0.998,0.002,0.002,90.80593750000001,2.597917,0.0,10.073639,-5.460125593353126,-0.9304934634096984,-2.5324783963530106
2025-12-29 00:00:00+00:00,0.999,0.001,0.001,94.65395833333334,0.34791675,0.0,7.207535,7.692474891371681,3.4791567531697876,-6.345759473535628
2025-12-30 00:00:00+00:00,0.999,0.001,0.001,87.31520833333333,1.84375,0.0,9.343016,-0.7658634158685507,2.101027748187101,-3.6400724601354573
2025-12-31 00:00:00+00:00,0.999,0.001,0.001,,,,,,,
