timestamp,price_No,price_Yes,price_Yes_nuclear,price_Yes_nuclear,pct_Country Hourly - Belgium,pct_BE Temp (C),pct_BE Precipitation (mm),pct_BE Wind Speed (km/h),pct_pct_BE_actual_load,pct_pct_BE_forecast_load,pct_pct_BE_forecast_vs_actual_load
2025-01-02 00:00:00+00:00,0.8,0.2,0.2,0.2,389.48946301031657,-56.02523,-27.272724,-62.992893,,,-365.3929445297563
2025-01-03 00:00:00+00:00,0.81,0.19,0.19,0.19,4.192531479113004,-76.32712,-100.0,27.20542,-75.0940758322548,-96.04671643182886,-80.86165630498179
2025-01-04 00:00:00+00:00,0.8200000000000001,0.18,0.18,0.18,1.316726716965988,46.060596,,-27.410204,-216.9328130313096,-1042.6107715003902,-529.8047190040495
2025-01-05 00:00:00+00:00,0.8200000000000001,0.18,0.18,0.18,-56.47657076550288,655.3941,26299.996,139.2879,-27.62587701612853,-73.02902299264524,-35.95126190390084
2025-01-06 00:00:00+00:00,0.81,0.19,0.19,0.19,-25.09880183175458,12.963486,-79.92424,22.956038,-333.90128548394335,-514.1605346134039,-62.30542521137381
2025-01-07 00:00:00+00:00,0.81,0.19,0.19,0.19,101.89803182579564,-67.32313,-9.433973,-31.916927,-55.63837961747207,-29.819520485878957,-378.68436876066727
2025-01-08 00:00:00+00:00,0.8200000000000001,0.18,0.18,0.18,37.99526063893224,-54.01784,164.58337,-36.78665,-2.142719095709955,-80.07263442280956,-98.85115435161693
2025-01-09 00:00:00+00:00,0.8,0.2,0.2,0.2,-4.278392352552163,-79.61166,-11.811018,16.645681,-107.15341201029088,-115.86554529253745,160.15664443519825
2025-01-10 00:00:00+00:00,0.8,0.2,0.2,0.2,7.332124266905349,-649.9999,-100.0,-26.30008,-392.14135710962813,-213.82332935419984,-753.6885969463439
2025-01-11 00:00:00+00:00,0.8,0.2,0.2,0.2,-4.019091507570771,27.272774,,-29.150475,-827.7705443986971,-3253.1781477010327,557.8453722773196
2025-01-12 00:00:00+00:00,0.8,0.2,0.2,0.2,2.3709089246316317,-120.74829,,-50.374657,-7.615191552090861,-50.83327519062087,-44.18069486069612
2025-01-13 00:00:00+00:00,0.8,0.2,0.2,0.2,14.952373507833517,-571.0382,,13.155592,-307.6246232366279,-405.5947195963803,-65.2993676724853
2025-01-14 00:00:00+00:00,0.81,0.19,0.19,0.19,5.69938119893918,-71.92576,,132.7455,-53.20631758776761,-76.75129830303234,374.4545272639982
2025-01-15 00:00:00+00:00,0.81,0.19,0.19,0.19,36.53714187682277,-695.4545,,-51.357563,-154.24803352568318,-133.54998166413156,-66.672068756267
2025-01-16 00:00:00+00:00,0.8,0.2,0.2,0.2,-24.020507527653745,-31.3671,-100.0,9.048247,-110.98143509525076,27.459470327081114,163.68044739450002
2025-01-17 00:00:00+00:00,0.8,0.2,0.2,0.2,1.47179985411936,-131.85036,,-36.209404,406.52189457344133,-120.19122404724847,51.82900728560904
2025-01-18 00:00:00+00:00,0.8,0.2,0.2,0.2,-7.1987125200441255,93.33333,,70.00306,-555.7418808985101,-2836.8557886190474,-10.042168405838513
2025-01-19 00:00:00+00:00,0.8,0.2,0.2,0.2,-3.55838071255421,41.05091,,-41.26176,-3.428289094095427,-37.4841190048757,-82.59270394082002
2025-01-20 00:00:00+00:00,0.81,0.19,0.19,0.19,64.22899581834854,-41.44354,,46.201027,-338.7868682044508,-341.62302870032903,914.2801227102773
2025-01-21 00:00:00+00:00,0.81,0.19,0.19,0.19,-22.8038252880846,-95.22863,-100.0,59.504936,-99.55406501504744,-72.23959080522981,-44.191727947791506
2025-01-22 00:00:00+00:00,0.81,0.19,0.19,0.19,-6.4326330449591795,-7487.5015,,54.199184,-831.2989916448045,-152.00131513212062,27.83142640858425
2025-01-23 00:00:00+00:00,0.81,0.19,0.19,0.19,-29.82042559490361,31.64127,-60.000004,58.03317,254.8262762254613,-16.36213469856742,-15.526289339555943
2025-01-24 00:00:00+00:00,0.81,0.19,0.19,0.19,-26.41473322396687,53.384747,163.63635,9.532225,65.7969853966654,-6.611878705744889,-56.180556052828834
2025-01-25 00:00:00+00:00,0.81,0.19,0.19,0.19,19.581937757772327,-7.5419006,68.96553,-46.235977,204.0249961506492,752.1403614292517,16.614834426505087
2025-01-26 00:00:00+00:00,0.79,0.21,0.21,0.21,-13.998330995543407,-39.214497,-84.18368,49.596703,-79.04615295275079,-67.48343734669035,65.55622447594118
2025-01-27 00:00:00+00:00,0.8,0.2,0.2,0.2,-34.685261267213086,115.05966,-9.67741,54.538525,-563.984312523128,-496.8789973020771,-99.30075358302227
2025-01-28 00:00:00+00:00,0.79,0.21,0.21,0.21,32.621339275836434,-16.085052,-78.57143,-10.042477,-111.26207091145828,-92.88370675095157,-9400.97222697223
2025-01-29 00:00:00+00:00,0.81,0.19,0.19,0.19,42.98593194182105,-8.592671,1149.9999,-27.779419,-27.123790389063107,-131.7391948476614,25.20079042674821
2025-01-30 00:00:00+00:00,0.81,0.19,0.19,0.19,28.79330246823548,-27.478146,22.666693,-43.034832,-637.9839115189711,-512.91358432522,-118.13579854335319
2025-01-31 00:00:00+00:00,0.79,0.21,0.21,0.21,7.191067222322878,-45.367687,-100.0,1.7992377,-90.4672044451075,-76.23698017257479,24.92309841038891
2025-02-01 00:00:00+00:00,0.8,0.2,0.2,0.2,-3.461026475373463,-46.539925,,-27.165068,-1854.9926838898414,-3296.4304674448017,404.4275931302903
2025-02-02 00:00:00+00:00,0.8,0.2,0.2,0.2,1.6906226256398371,-55.476536,,-30.211246,-80.1366991345619,-69.85695109602177,47.288551156209756
2025-02-03 00:00:00+00:00,0.8,0.2,0.2,0.2,12.03886480336993,150.15976,,64.90053,-1004.4063124947526,-641.6094669300356,-47.59683163577628
2025-02-04 00:00:00+00:00,0.8,0.2,0.2,0.2,-7.149600421533342,6.8965435,,67.56574,-102.3310041145623,-100.170923991227,-11.988403313704499
2025-02-05 00:00:00+00:00,0.8049999999999999,0.195,0.195,0.195,3.798931227315183,96.654724,,-35.017933,-88.37685109071946,5150.379749070748,66.35441322446096
2025-02-06 00:00:00+00:00,0.81,0.19,0.19,0.19,-2.341216168116511,11.907661,,35.919716,740.0022530083406,-237.482359012127,-64.35335143443643
2025-02-07 00:00:00+00:00,0.81,0.19,0.19,0.19,-7.254718439015296,-11.889256,-100.0,55.057335,90.4182352531299,-142.90531853905213,21.226497134780352
2025-02-08 00:00:00+00:00,0.81,0.19,0.19,0.19,-0.9601297778560114,89.155876,,-48.65214,2033.3462036081312,1230.8711677872336,-90.30594044507181
2025-02-09 00:00:00+00:00,0.81,0.19,0.19,0.19,3.154005358253853,-31.302929,,-65.46331,-82.3193704285498,-65.2524932455815,1208.8961191314183
2025-02-10 00:00:00+00:00,0.81,0.19,0.19,0.19,16.244568629140453,-40.872456,419.99994,312.1644,-790.2727529399782,-538.3621729202858,-88.64613902345724
2025-02-11 00:00:00+00:00,0.81,0.19,0.19,0.19,-3.0636421153504956,17.722534,73.07695,-13.0819435,-84.92157463199523,-95.04312178337335,659.1384345589149
2025-02-12 00:00:00+00:00,0.8200000000000001,0.18,0.18,0.18,1.594297886285423,13.896477,-97.03703,-43.795895,-151.05350845845214,-92.97004671242635,-75.41358482656729
2025-02-13 00:00:00+00:00,0.81,0.19,0.19,0.19,4.7650920116768525,-63.337315,0.0,22.512854,1.0079354787351447,2075.28915358272,-625.8824327032374
2025-02-14 00:00:00+00:00,0.86,0.14,0.14,0.14,-0.41232087647050664,-128.87439,-100.0,-1.8587708,344.474612187139,-149.77609584488076,234.9584730744394
2025-02-15 00:00:00+00:00,0.855,0.14500000000000002,0.14500000000000002,0.14500000000000002,-19.910444223446287,-235.59323,,6.7999125,-80.5821779941851,1407.2504480437176,-133.32341937340018
2025-02-16 00:00:00+00:00,0.85,0.15,0.15,0.15,-0.1222423099936476,-62.5,150.0,45.507004,241.65895559653157,-67.94619306844115,-15.583531517121973
2025-02-17 00:00:00+00:00,0.86,0.14,0.14,0.14,15.253898826970037,-486.66678,-100.0,-20.476627,-537.7000030833096,-521.2818319911282,91.17336209280396
2025-02-18 00:00:00+00:00,0.85,0.15,0.15,0.15,-13.262426014006323,-53.160904,,15.702522,-95.78019003557934,-88.46378917743907,-22.187446461076444
2025-02-19 00:00:00+00:00,0.859,0.141,0.141,0.141,-8.721567111282958,-936.8096,,-4.507881,-298.89758234765003,-141.56107666566004,-21.723610564818053
2025-02-20 00:00:00+00:00,0.84,0.16,0.16,0.16,-17.39154989234407,200.14658,,41.663742,375.50483311051073,242.68882734797864,-176.68088934754442
2025-02-21 00:00:00+00:00,0.84,0.16,0.16,0.16,-19.305839222690334,58.500256,,10.723841,-11.796618132952707,281.9563381713244,-174.82071960547887
2025-02-22 00:00:00+00:00,0.84,0.16,0.16,0.16,2.987477165020791,-21.682852,300.0,-6.0277405,62.21669568754764,2.335981549990196,-21.029876033819107
2025-02-23 00:00:00+00:00,0.85,0.15000000000000002,0.15000000000000002,0.15000000000000002,-2.159930487359707,-6.7493143,-100.0,-2.0538926,-62.88906373540088,-70.80480719754756,-74.82126311801585
2025-02-24 00:00:00+00:00,0.86,0.14,0.14,0.14,10.145772901164495,4.790044,,26.6693,-403.20210161465155,-747.4269506828817,-2150.265140033154
2025-02-25 00:00:00+00:00,0.85,0.15000000000000002,0.15000000000000002,0.15000000000000002,42.38202697480473,-19.39187,385.71423,-46.804993,-82.51281485853153,-95.95468620167063,-20.47439514028333
2025-02-26 00:00:00+00:00,0.84,0.16,0.16,0.16,-3.573953631754767,-20.609533,-38.235302,46.391987,-111.15297870984865,-0.9525164406657516,20.198164537486953
2025-02-27 00:00:00+00:00,0.86,0.14,0.14,0.14,0.052819776836443566,-24.606688,-50.0,2.113533,-1093.355749392317,-205.64258279376304,-51.46531373451821
2025-02-28 00:00:00+00:00,0.855,0.14500000000000002,0.14500000000000002,0.14500000000000002,1.6511358939716558,0.75125694,-80.952385,-26.387083,-95.09174960961586,316.7406080829682,-119.03484611945198
2025-03-01 00:00:00+00:00,0.85,0.15,0.15,0.15,-4.9166828961619835,-44.241917,-100.0,-18.617476,-9603.443342029444,120.98563240024819,-598.9992657470466
2025-03-02 00:00:00+00:00,0.85,0.15,0.15,0.15,-22.866680800756058,24.665678,,-20.317108,-71.43978055695652,-70.74294371393837,31.18063269668847
2025-03-03 00:00:00+00:00,0.84,0.16,0.16,0.16,25.629390827944775,20.023846,,-50.876976,-640.97366880735,-737.4290072215283,-60.7660466203537
2025-03-04 00:00:00+00:00,0.85,0.15,0.15,0.15,-4.201864528713295,32.770584,,41.057037,-112.82934063267783,-91.15993656536827,234.01588119591906
2025-03-05 00:00:00+00:00,0.83,0.17,0.17,0.17,-20.013548299688388,42.034412,,34.602547,25.52949325121667,-293.80472101287233,5.556227730840035
2025-03-06 00:00:00+00:00,0.85,0.15,0.15,0.15,-1.8777252423378576,28.515017,,69.02146,14.253671005989176,29.16861704200202,-1.2859668345269748
2025-03-07 00:00:00+00:00,0.84,0.16,0.16,0.16,8.612942841782845,10.100365,,-5.467069,68.43080216869835,63.30332508986807,1.1207008932292872
2025-03-08 00:00:00+00:00,0.83,0.17,0.17,0.17,-20.362280669887735,5.4708004,,-4.5033574,116.00288474837433,137.92474042476505,-21.76660396861525
2025-03-09 00:00:00+00:00,0.83,0.17,0.17,0.17,-6.134853884533142,-4.251951,,-19.292969,-67.41455648090697,-72.71731934035513,8.214179890670191
2025-03-10 00:00:00+00:00,0.83,0.17,0.17,0.17,53.61690236672012,-10.079223,,-40.90017,-623.5666467485531,-651.0507045415143,-15.30088252887445
2025-03-11 00:00:00+00:00,0.84,0.16,0.16,0.16,7.42176069092606,-45.61475,,85.40665,-68.71517603861528,-81.48290503932274,-67.32489339739635
2025-03-12 00:00:00+00:00,0.84,0.16,0.16,0.16,3.8520721821782677,-31.348907,466.6666,-29.200256,-88.1125316096323,-63.073120340382104,44.36415904633273
2025-03-13 00:00:00+00:00,0.84,0.16,0.16,0.16,4.90163411435256,-20.30735,35.294117,-4.8183203,291.6112369756439,31.895655453394944,-62.93162680377187
2025-03-14 00:00:00+00:00,0.83,0.17,0.17,0.17,-3.1263305151754794,-7.644635,-100.0,44.11938,-88.34306126376205,-250.0402158547361,-427.02068146603216
2025-03-15 00:00:00+00:00,0.835,0.165,0.165,0.165,-23.98512658448615,-2.609986,,59.437252,-4259.462625161303,283.53168092533383,-201.4634246201203
2025-03-16 00:00:00+00:00,0.84,0.16,0.16,0.16,-19.578385125089493,50.306286,,-12.790471,-43.12560319375858,-55.261179227892576,168.26191103825988
2025-03-17 00:00:00+00:00,0.83,0.17,0.17,0.17,47.451756838489544,25.267433,,-6.601411,-341.7323517513298,-426.14217603317553,-72.65031210212072
2025-03-18 00:00:00+00:00,0.835,0.165,0.165,0.165,-21.514505400102923,-10.736078,-100.0,7.756436,-106.33264270813432,-86.21184461416152,196.6672661823103
2025-03-19 00:00:00+00:00,0.84,0.16,0.16,0.16,11.108207649033886,107.38039,,-29.331833,85.83112739142753,-242.42959174637244,-12.086170942341735
2025-03-20 00:00:00+00:00,0.84,0.16,0.16,0.16,-5.83440202704203,22.517563,,-18.409395,70.48326024802003,-11.001323518642925,32.76498185533394
2025-03-21 00:00:00+00:00,0.84,0.16,0.16,0.16,-32.36351641101764,15.743267,,66.695465,356.4573164270725,28.753663698824305,297.802702861186
2025-03-22 00:00:00+00:00,0.84,0.16,0.16,0.16,-25.851401817067053,2.664578,,-11.2369175,-119.56294377469005,386.8204268836215,-95.45614373161688
2025-03-23 00:00:00+00:00,0.84,0.16,0.16,0.16,60.5981733443584,-15.225583,-100.0,-17.711401,-271.3147836341939,-69.78668430141546,114.53163906473974
2025-03-24 00:00:00+00:00,0.838,0.162,0.162,0.162,70.0699177953954,-13.118553,,-26.383526,-196.0132042703097,-565.526562700145,722.4795914656899
2025-03-25 00:00:00+00:00,0.836,0.164,0.164,0.164,-10.879848628193,-13.357914,500.0,26.371252,40.328046479100664,-95.29934013023555,-40.283904054176055
2025-03-26 00:00:00+00:00,0.834,0.166,0.166,0.166,3.1959081258444266,-0.9458482,-50.0,8.370781,-5.358119421981722,-151.87668068592984,-75.26838397363929
2025-03-27 00:00:00+00:00,0.832,0.168,0.168,0.168,-14.659838625813148,-4.869902,-100.0,-77.08372,-38.61302524031193,209.79855404777678,-228.96821431281685
2025-03-28 00:00:00+00:00,0.83,0.17,0.17,0.17,-10.281889549792012,-6.599742,,363.93076,-155.27891996257242,157.12249900991404,49.90029253211314
2025-03-29 00:00:00+00:00,0.84,0.16,0.16,0.16,-14.35397348081413,4.2987585,-100.0,7.5983405,477.9377500224011,85.76409900007992,-138.5763156159302
2025-04-01 00:00:00+00:00,0.83,0.17,0.17,0.17,-17.950244018569215,-0.9920597,,48.030186,-21.579374091675174,-103.88911312263198,-111.1413585206917
2025-04-02 00:00:00+00:00,0.835,0.165,0.165,0.165,-36.8253354181107,36.247505,,23.580706,-73.84477969911168,566.3665990493461,652.7600170923167
2025-04-03 00:00:00+00:00,0.84,0.16,0.16,0.16,49.72060386987032,25.427473,,-28.304445,-221.50565761263135,-129.04744139254439,-54.263925201271675
2025-04-04 00:00:00+00:00,0.8375,0.1625,0.1625,0.1625,8.084801799652318,11.550867,,-17.113787,-108.92146973310479,-24.535060971027544,-18.68708161252146
2025-04-05 00:00:00+00:00,0.835,0.165,0.165,0.165,-40.15851492121556,-14.36268,,29.677223,-5536.448286801728,-1432.5453037836926,-81.88973338047855
2025-04-06 00:00:00+00:00,0.8325,0.1675,0.1675,0.1675,-24.193293400551564,-28.003687,,5.0875545,-81.1517109191065,-42.77739965175641,863.2997439034375
2025-04-07 00:00:00+00:00,0.83,0.17,0.17,0.17,147.62605431457968,-11.061382,,-34.17453,-1014.8645173267807,-404.0330891681794,60.449031845448566
2025-04-08 00:00:00+00:00,0.84,0.16,0.16,0.16,-2.745039325132992,27.70189,,-14.14851,-107.00094010565981,-68.683329481117,-103.85996831042262
2025-04-09 00:00:00+00:00,0.83,0.17,0.17,0.17,-11.899607435631,-13.886279,,25.925755,-197.2061338883793,-80.05393019341743,-117.0501990722724
2025-04-10 00:00:00+00:00,0.83,0.17,0.17,0.17,4.007557514102089,-2.8110623,,-11.93977,67.31363344517698,-78.39438530121478,4852.816730368439
2025-04-11 00:00:00+00:00,0.83,0.17,0.17,0.17,-6.057185458974745,20.560528,,-41.54645,-238.08470033429424,-216.4525203468928,-141.20350173727658
2025-04-12 00:00:00+00:00,0.84,0.16,0.16,0.16,-32.90486276832968,45.583046,,137.79555,412.1658086631181,4666.283114760315,434.9898485598536
2025-04-13 00:00:00+00:00,0.84,0.16,0.16,0.16,-24.217435487364025,-16.44098,,19.307173,-66.10241202035981,-38.75360452689477,-57.84612403889536
2025-04-14 00:00:00+00:00,0.84,0.16,0.16,0.16,129.77577489558146,-2.415526,-95.83333,-48.251163,-154.49637182264988,-301.1739292522424,671.1429435533682
2025-04-15 00:00:00+00:00,0.84,0.16,0.16,0.16,-17.630232001913416,13.347936,0.0,77.096085,190.98432673926337,-70.04954627007169,-27.651229798026034
2025-04-16 00:00:00+00:00,0.84,0.16,0.16,0.16,15.522027480632318,-28.50033,-100.0,-33.654274,35.57700204883292,-86.73142889010184,-103.61167186024628
2025-04-17 00:00:00+00:00,0.85,0.15,0.15,0.15,17.681302218960205,-10.187512,,-52.58096,-64.47117064869943,-46.335839116476386,964.7021200328833
2025-04-18 00:00:00+00:00,0.85,0.15,0.15,0.15,-10.814886327714524,13.861406,-100.0,65.016846,-228.7540709368849,-816.7091468700139,-72.6369786207191
2025-04-19 00:00:00+00:00,0.85,0.15,0.15,0.15,-29.024269914789457,9.243846,,68.37042,212.61056132035532,460.33411354726877,-322.40022834636426
2025-04-20 00:00:00+00:00,0.85,0.15,0.15,0.15,21.215945364115505,-1.5746772,,-42.020164,-66.6866276264366,-53.987932012641934,-28.308445588520915
2025-04-21 00:00:00+00:00,0.85,0.15,0.15,0.15,12.280994772267961,-0.8087158,-32.0,5.1831484,-148.42672485368794,-76.39413549885887,-232.86359721054407
2025-04-22 00:00:00+00:00,0.845,0.155,0.155,0.155,27.157151498924037,5.654025,-100.0,12.150764,702.1733455484035,-1175.5187884844634,208.6260725032625
2025-04-23 00:00:00+00:00,0.84,0.16,0.16,0.16,-2.2511386323933125,-11.323613,,-20.87912,-76.02192564893153,-77.42618488848076,20.210823554286716
2025-04-24 00:00:00+00:00,0.845,0.155,0.155,0.155,-10.145407400019957,-3.5565615,206.66673,83.99273,-63.64855420225438,62.59806155925123,-41.26213292195058
2025-04-25 00:00:00+00:00,0.85,0.15,0.15,0.15,-5.787527248349555,5.021584,-100.0,-23.424084,-248.50778866043993,-152.71189995728426,4.959226989089371
2025-04-26 00:00:00+00:00,0.845,0.155,0.155,0.155,-31.168151851729675,8.050049,,-0.70868134,463.1576853816354,278.9592657962655,-83.94524497163044
2025-04-27 00:00:00+00:00,0.84,0.16,0.16,0.16,-53.60727342434243,21.313751,,-40.89566,-69.08333990584467,-39.68493042062793,251.81237813414407
2025-04-28 00:00:00+00:00,0.85,0.15,0.15,0.15,153.37494835015644,6.1555862,,24.23519,-490.9345748890349,-314.0243752212011,114.85403833014996
2025-04-29 00:00:00+00:00,0.835,0.165,0.165,0.165,-3.817772005334985,11.906063,,33.71205,-119.8747757991723,-64.39407106229005,-136.15854528794472
2025-04-30 00:00:00+00:00,0.84,0.16,0.16,0.16,8.514490559639576,12.52247,,-25.369167,-176.01169770289326,-22.50657065430721,52.582395517950744
2025-05-01 00:00:00+00:00,0.85,0.15,0.15,0.15,-39.097559750673824,13.196886,,-3.0964315,-675.8691948883583,-592.855908458553,-122.13614681609697
2025-05-02 00:00:00+00:00,0.85,0.15,0.15,0.15,46.05411447786769,-2.3354352,,61.55299,-149.54766001562461,-147.667164552237,-174.1741947642923
2025-05-03 00:00:00+00:00,0.85,0.15,0.15,0.15,-22.170989071655324,-29.187155,,-4.198951,-155.36418994687605,-167.21214564506036,-345.3637329927798
2025-05-04 00:00:00+00:00,0.835,0.16499999999999998,0.16499999999999998,0.16499999999999998,-33.99376113363587,-28.880722,-57.894737,27.889538,-6.813008578682334,-61.57038121880999,-121.40042150768329
2025-05-05 00:00:00+00:00,0.8200000000000001,0.18,0.18,0.18,98.25859710824541,-9.726202,-100.0,1.5577197,-526.7618002314376,-869.7716295419816,341.52236666390286
2025-05-06 00:00:00+00:00,0.8,0.2,0.2,0.2,16.56236526024024,10.519611,,6.376946,-107.24024030517913,-98.40734331705659,119.79327728303755
2025-05-07 00:00:00+00:00,0.83,0.17,0.17,0.17,13.594449347121884,7.1771145,,-11.530614,-240.682822263494,1401.0934488096716,92.32482473779484
2025-05-08 00:00:00+00:00,0.83,0.17,0.17,0.17,-0.07675668132022251,18.424368,,-0.8827746,-69.41903433077947,-161.8009147898849,-60.92734641356432
2025-05-09 00:00:00+00:00,0.81,0.19,0.19,0.19,-20.06005586592179,3.371644,,8.123398,-478.1261090667486,11.83026946781709,-48.02837030838298
2025-05-10 00:00:00+00:00,0.83,0.17,0.17,0.17,-40.066740045774594,13.441551,,-12.424099,589.8280258595702,417.74183270554994,-173.05176761013814
2025-05-11 00:00:00+00:00,0.85,0.15,0.15,0.15,-126.63343439054727,17.289865,,-2.52797,-83.17866634814916,-88.9671085623773,-76.35222748426263
2025-05-12 00:00:00+00:00,0.84,0.16,0.16,0.16,-656.4887445729505,2.0006537,,-28.795767,-989.820088870489,-1082.8629799261666,1725.4130798739818
2025-05-13 00:00:00+00:00,0.85,0.15,0.15,0.15,11.640485681317525,-1.5734375,-100.0,-19.47189,-96.61072425460716,-97.52085046948503,7.834205170045383
2025-05-14 00:00:00+00:00,0.84,0.16,0.16,0.16,-16.87484951521878,-8.146286,,60.781395,-219.40873044236565,1010.3036663141976,-141.36726872521908
2025-05-15 00:00:00+00:00,0.84,0.16,0.16,0.16,14.499675021900703,-22.410303,,28.665209,5.114664020690407,-96.87421545133078,66.82007507851947
2025-05-16 00:00:00+00:00,0.85,0.15,0.15,0.15,0.3535465718939701,-6.2836113,,-8.040821,374.2922755227358,-2062.616852117527,53.883587292152235
2025-05-17 00:00:00+00:00,0.86,0.14,0.14,0.14,-10.17369116788096,10.524583,,-4.4869843,160.32547437176015,402.5749280635451,-96.03054951125647
2025-05-18 00:00:00+00:00,0.85,0.15,0.15,0.15,5.216361620282273,-8.217138,200.0,-35.5878,-77.88259187273707,-78.22959014152924,-452.4339380817041
2025-05-19 00:00:00+00:00,0.86,0.14,0.14,0.14,29.650856432841756,24.903048,-100.0,19.345104,-717.3095316084607,-716.3713417426984,-687.7910827617715
2025-05-20 00:00:00+00:00,0.86,0.14,0.14,0.14,-2.500777729831727,5.447018,,14.991021,-88.3670963735675,-99.31081531774413,-48.88085610306604
2025-05-21 00:00:00+00:00,0.87,0.13,0.13,0.13,21.277416964294925,-18.515331,,-20.401531,132.87812593223723,231.44634000175816,-208.51026036381626
2025-05-22 00:00:00+00:00,0.86,0.14,0.14,0.14,-37.72272648190819,-15.600056,100.0,55.51517,-132.67873427803966,103.96263480181172,-120.03078288278724
2025-05-23 00:00:00+00:00,0.86,0.14,0.14,0.14,11.275398263855774,-6.0481787,25.0,-13.80043,110.54809749901797,-376.663135224094,82.40312376926605
2025-05-24 00:00:00+00:00,0.87,0.13,0.13,0.13,-35.17849488702469,14.394224,1259.9999,60.06682,365.0336487138764,346.4405278268043,305.9500925938984
2025-05-25 00:00:00+00:00,0.87,0.13,0.13,0.13,-54.3481957302097,28.652073,-55.882347,11.964619,-83.1880087187796,-55.892060350488414,-103.42846764435328
2025-05-26 00:00:00+00:00,0.87,0.13,0.13,0.13,190.02214083224698,-10.309702,-69.99999,-14.696985,-828.5060316833672,-459.2058375786639,-1647.9146359686
2025-05-27 00:00:00+00:00,0.87,0.13,0.13,0.13,-9.557716593297606,-0.23018122,1166.6665,34.36327,-77.91659897549188,-98.57654223000593,-220.62407537817057
2025-05-28 00:00:00+00:00,0.86,0.14,0.14,0.14,49.97041723531312,9.329498,-23.684204,-20.303238,-199.04099425809414,839.4382350795522,-337.21741833573634
2025-05-29 00:00:00+00:00,0.88,0.12,0.12,0.12,-32.98616042544461,-4.60301,-94.25287,-23.417002,299.65970435543596,-846.2139308860155,-103.0488790312351
2025-05-30 00:00:00+00:00,0.87,0.13,0.13,0.13,-0.25667592897848923,27.222454,-39.999996,-13.508642,-143.51798855666883,-151.77509309533298,-2305.1840643711353
2025-05-31 00:00:00+00:00,0.88,0.12,0.12,0.12,15.964303420922166,1.1301875,2466.6665,-50.873924,-173.28889378965343,-181.3876589590488,-112.88964846654139
2025-06-01 00:00:00+00:00,0.85,0.15,0.15,0.15,-41.91521271469968,-15.44165,-94.80519,141.88814,-39.42823455468813,-59.01311103007103,100.35277833356187
2025-06-02 00:00:00+00:00,0.87,0.13,0.13,0.13,116.48284886437983,-9.963137,125.0,-29.357302,-810.4049219227097,-714.0001222047449,48.65865387928561
2025-06-03 00:00:00+00:00,0.86,0.14,0.14,0.14,-31.83137966021199,17.868732,-100.0,40.789986,-92.08213235214609,-89.65172515970356,-38.45743533922248
2025-06-04 00:00:00+00:00,0.85,0.15,0.15,0.15,42.50857011661693,-8.921099,,-10.501612,62.976790162432714,30.545695624556977,-8.935293283099243
2025-06-05 00:00:00+00:00,0.85,0.15,0.15,0.15,-1.663296371191758,-4.3518124,718.1818,44.47938,-200.96021862814624,-191.43609278613417,-30.187295899016153
2025-06-06 00:00:00+00:00,0.87,0.13,0.13,0.13,-34.47545336421671,3.3676863,-62.222225,0.5977869,-21.802395974668876,37.34510836754574,294.6547182302983
2025-06-07 00:00:00+00:00,0.87,0.13,0.13,0.13,33.595723584946334,-9.148926,105.882355,-6.990629,688.1825793677991,295.31991759022833,-188.87675831163355
2025-06-08 00:00:00+00:00,0.85,0.15,0.15,0.15,-67.06378145349174,-7.3624315,-78.57143,9.934341,-92.38765157979535,-77.52373190568396,-114.10029532658936
2025-06-09 00:00:00+00:00,0.844,0.156,0.156,0.156,108.24924071715488,7.0153475,-100.0,-41.68802,-60.63831404926814,-150.17046777897923,-901.6136401881167
2025-06-10 00:00:00+00:00,0.88,0.12,0.12,0.12,52.94316898758,9.1687565,,28.906239,-4248.223952462795,1208.4420806357575,-29.877635580836028
2025-06-11 00:00:00+00:00,0.88,0.12,0.12,0.12,9.841400693948854,5.788481,-100.0,-40.98228,-96.41665133674194,-89.51307687248318,107.803253413334
2025-06-12 00:00:00+00:00,0.84,0.16,0.16,0.16,-29.391469937550752,38.468407,,35.489964,90.18440326077577,-148.385544892824,-92.82649371949918
2025-06-13 00:00:00+00:00,0.76,0.24,0.24,0.24,33.2479296887394,16.194271,,-28.879845,193.99785242562805,104.38489353794877,-3198.86484530981
2025-06-14 00:00:00+00:00,0.83,0.17,0.17,0.17,-19.744855134150463,-8.557815,,37.840366,-517.3996328744295,446.9710773056114,-110.22998703733691
2025-06-15 00:00:00+00:00,0.8180000000000001,0.182,0.182,0.182,14.953825612876903,-21.054913,-82.258064,-9.476006,-79.10329877602824,-46.93537236444308,-416.9969832916902
2025-06-16 00:00:00+00:00,0.8,0.2,0.2,0.2,32.60913050492016,2.3445368,-100.0,-18.611414,-652.3863623643773,-431.4927999387297,-2.7286431239085696
2025-06-17 00:00:00+00:00,0.83,0.17,0.17,0.17,-2.9049539927303303,9.9268675,,-34.58855,-82.80125757179778,-95.00696731718152,126.7070287297142
2025-06-18 00:00:00+00:00,0.8200000000000001,0.18,0.18,0.18,-1.88482567492394,-1.8393695,,46.78705,-103.65459091589899,95.52377289181813,-48.160005371829996
2025-06-19 00:00:00+00:00,0.8200000000000001,0.18,0.18,0.18,-14.31147206047606,4.365599,,21.895695,-1004.1374924596761,-145.5693546570426,90.97242989399435
2025-06-20 00:00:00+00:00,0.84,0.16,0.16,0.16,21.501421665345344,2.817309,,14.21988,-229.8522394018396,-262.9589601669371,-69.08353882257599
2025-06-21 00:00:00+00:00,0.83,0.17,0.17,0.17,-16.40861101299109,12.363005,,-33.28546,719.8923264780658,-1196.2741045154933,324.1060393255034
2025-06-22 00:00:00+00:00,0.85,0.15,0.15,0.15,-46.20450036974868,-4.8441887,,93.79512,-44.301340158917,-97.69166265888273,-117.96748998826614
2025-06-23 00:00:00+00:00,0.91,0.09,0.09,0.09,4.486144446868856,-20.241505,120.00001,34.26182,-337.6691915635795,-4621.1337397735715,57.17325656594547
2025-06-24 00:00:00+00:00,0.86,0.14,0.14,0.14,43.54613039301674,-3.7904203,-63.636364,-4.824191,-98.29297772996537,-88.52611956770706,107.16526596427607
2025-06-25 00:00:00+00:00,0.9,0.1,0.1,0.1,55.82097369014451,25.676418,675.00006,-54.043423,694.0875490420879,-67.03276827089486,-48.676875762985695
2025-06-26 00:00:00+00:00,0.9,0.1,0.1,0.1,-2.1706859367560116,-11.620569,129.03223,104.29287,-236.67327711758475,30.100484798866912,239.0175235260928
2025-06-27 00:00:00+00:00,0.9,0.1,0.1,0.1,-4.04689647274391,-8.735096,-85.9155,-27.548563,-160.25942520221594,-297.4421645354278,-62.965893852854634
2025-06-28 00:00:00+00:00,0.9,0.1,0.1,0.1,-39.698737362435175,12.821102,-70.0,14.801872,-690.9901452778328,854.6410567313828,-259.74065093474314
2025-06-29 00:00:00+00:00,0.89,0.11,0.11,0.11,6.913358293885774,6.899607,-100.0,-43.555077,-64.40336095973011,-82.6496680531054,-33.132793089862275
2025-06-30 00:00:00+00:00,0.89,0.11,0.11,0.11,96.4741092709868,16.7145,,-13.044673,-630.231533363719,-825.4740698849083,20.442717637427243
2025-07-01 00:00:00+00:00,0.89,0.11,0.11,0.11,43.55210414940856,15.122199,,5.129683,-48.7577156640431,-78.70200628161278,210.31710947975108
2025-07-02 00:00:00+00:00,0.89,0.11,0.11,0.11,-22.331618545958776,-16.064798,,35.814823,-103.11615382469594,-67.53999730019046,-19.09981345688294
2025-07-03 00:00:00+00:00,0.88,0.12,0.12,0.12,-23.207236900020778,-28.343851,-100.0,3.2411575,2542.1308150237137,-268.50727080514554,-93.91425720318793
2025-07-04 00:00:00+00:00,0.9,0.1,0.1,0.1,-19.81676701072527,8.101273,,-50.34348,-77.51096918304926,18.60570713828109,197.99402513178123
2025-07-05 00:00:00+00:00,0.91,0.09,0.09,0.09,-41.91094895519999,1.0599971,,219.29199,758.2353382400963,411.46156198448926,-234.24562433864855
2025-07-06 00:00:00+00:00,0.91,0.09,0.09,0.09,82.31211482801397,-14.04447,841.6666,-17.563862,-73.43862864234687,-70.92412422328464,20.839562584956674
2025-07-07 00:00:00+00:00,0.92,0.08,0.08,0.08,-0.8936815901592454,-8.846849,-54.867256,-3.9080262,-455.4548560077194,-535.1168847802666,95.08207731501
2025-07-08 00:00:00+00:00,0.9299999999999999,0.07,0.07,0.07,9.940937374001546,-5.2074966,-52.941174,-0.5529463,-66.51254611185564,-80.97072317105025,-47.59623699350887
2025-07-09 00:00:00+00:00,0.94,0.06,0.06,0.06,11.22416108712998,19.629992,-100.0,-39.245106,-78.67425204838725,-151.80312650801412,-141.47895338867764
2025-07-10 00:00:00+00:00,0.9299999999999999,0.07,0.07,0.07,-2.594607600689769,12.548685,,-14.865393,-45.211074191874566,69.46805729840555,418.4319297677207
2025-07-11 00:00:00+00:00,0.9299999999999999,0.07,0.07,0.07,1.686611406927585,5.317819,,40.193462,-407.1361374274828,-58.19905860847491,-14.412408322444925
2025-07-12 00:00:00+00:00,0.9299999999999999,0.07,0.07,0.07,-23.414353257666743,0.0,,-4.9127817,748.3577126079874,1026.0458134581716,-58.9841087335884
2025-07-13 00:00:00+00:00,0.9299999999999999,0.07,0.07,0.07,1.170679558043508,-0.14939904,,-19.84113,-79.99968295188604,-68.26459217156318,81.02838086880773
2025-07-14 00:00:00+00:00,0.94,0.06,0.06,0.06,17.685036809958433,1.1470318,,79.32852,-760.318516042822,-507.6882604802206,93.24017170931475
2025-07-15 00:00:00+00:00,0.9299999999999999,0.07,0.07,0.07,-19.58006078067648,-8.579045,0.0,25.195122,-112.90921472037721,-96.12162158663682,-62.33385629225161
2025-07-16 00:00:00+00:00,0.92,0.08,0.08,0.08,20.448076168040828,-1.6071737,133.33334,6.839037,34.86166256173797,-116.88211661764392,-177.22042864442548
2025-07-17 00:00:00+00:00,0.92,0.08,0.08,0.08,13.370174187633687,7.903981,-100.0,-65.435326,-219.97266858986077,2748.973621827944,-486.5073033420348
2025-07-18 00:00:00+00:00,0.9299999999999999,0.07,0.07,0.07,6.593707742002164,17.575954,,0.20155907,-98.30788719080805,-130.241678136401,-14.91483047129516
2025-07-19 00:00:00+00:00,0.9299999999999999,0.07,0.07,0.07,-33.444037965507356,0.12098551,,123.357704,-19396.455965029007,-1309.6840169122033,-43.00273388114365
2025-07-20 00:00:00+00:00,0.92,0.08,0.08,0.08,12.658628638010082,-15.836721,636.3635,-20.563095,-58.96584035618437,-58.88941329494519,-29.181728225467772
2025-07-21 00:00:00+00:00,0.91,0.09,0.09,0.09,-5.046485222533237,-9.94668,81.48148,54.636147,-69.28935691062989,-2.284514563835316,150.4644352861659
2025-07-22 00:00:00+00:00,0.92,0.08,0.08,0.08,3.460645955673436,-1.6283393,-81.63265,-3.9670527,-933.2071281019046,-520.2340766990745,-95.17941447784119
2025-07-23 00:00:00+00:00,0.9299999999999999,0.07,0.07,0.07,16.16258711249956,0.39355755,-55.555557,-38.895164,-113.15396865820964,-100.00129013678092,-800.8077523920239
2025-07-24 00:00:00+00:00,0.92,0.08,0.08,0.08,8.363133059471384,5.488324,-25.0,-41.757202,-253.1898859251406,1026968.1446542485,-326.606771061756
2025-07-25 00:00:00+00:00,0.92,0.08,0.08,0.08,-0.807269057867932,2.0767212,44.44443,38.07969,-142.82509734495957,-221.1342083329276,-114.16861574727788
2025-07-26 00:00:00+00:00,0.92,0.08,0.08,0.08,-10.642685301867338,3.7905574,-38.461536,14.332283,914.3374175036289,-409.2260526588127,567.8317852680384
2025-07-27 00:00:00+00:00,0.92,0.08,0.08,0.08,-13.024102564102558,-12.637979,687.4999,-6.2293887,-80.04231870127781,-40.0528728924289,-98.33406215151807
2025-07-28 00:00:00+00:00,0.92,0.08,0.08,0.08,13.69256440039386,-4.345804,-87.30159,26.869797,-758.2051622787907,-387.82554992002474,625.0126403823691
2025-07-29 00:00:00+00:00,0.91,0.09,0.09,0.09,-6.79524545445116,3.0494094,174.99995,-5.5864754,-96.8960759755425,-91.77477742713094,202.9779094086407
2025-07-30 00:00:00+00:00,0.92,0.08,0.08,0.08,-3.6511743071282132,0.38337708,-68.181816,-2.2990942,-297.97594566481644,-93.37654367480819,85.76571677573351
2025-07-31 00:00:00+00:00,0.91,0.09,0.09,0.09,18.119553479132144,3.258109,2014.2856,22.75933,-98.75927532802315,-1972.540638729426,-71.57094206361509
2025-08-01 00:00:00+00:00,0.91,0.09,0.09,0.09,-1.8162972958437829,-5.975479,-91.21622,-4.3023705,13730.9322729826,-145.68630524215553,371.5586799954428
2025-08-02 00:00:00+00:00,0.91,0.09,0.09,0.09,-30.452838832398832,-6.6134095,84.615364,17.000103,426.97962557068206,-1544.8631443239042,-74.75339135692838
2025-08-03 00:00:00+00:00,0.91,0.09,0.09,0.09,-31.562441825497977,11.754667,16.666662,10.040998,-49.24260434298411,-65.9698136413243,98.12915297259093
2025-08-04 00:00:00+00:00,0.92,0.08,0.08,0.08,31.553398058252434,16.537094,-14.285707,15.7490015,-542.0777592055163,-652.0106813172617,44.4938268856786
2025-08-05 00:00:00+00:00,0.92,0.08,0.08,0.08,-49.53317852144039,-12.098247,-62.5,-19.475292,-104.05264039105543,-91.51215071817705,114.89242897302047
2025-08-06 00:00:00+00:00,0.92,0.08,0.08,0.08,131.53217037772419,-2.5181055,-100.0,-53.3818,-145.07477776571224,-130.44000486262073,-18.9346753294624
2025-08-07 00:00:00+00:00,0.9,0.1,0.1,0.1,-0.9405967548731242,14.166069,,71.0048,317.6715402721066,-86.67761421779795,-40.69000022400825
2025-08-08 00:00:00+00:00,0.92,0.08,0.08,0.08,12.69083313866406,-0.15497208,,-6.2494397,-129.2072231925798,823.4958858129639,-9.28676276424879
2025-08-09 00:00:00+00:00,0.91,0.09,0.09,0.09,-29.777401123054315,-5.432534,,-19.236296,2286.332591725736,1890.1854429799946,-129.78348709845463
2025-08-10 00:00:00+00:00,0.9,0.1,0.1,0.1,-9.575696536634915,5.8540344,,-19.414371,-61.8149872333398,-75.80525714830797,-140.48650155456568
2025-08-11 00:00:00+00:00,0.92,0.08,0.08,0.08,68.656143180858,13.314033,,44.78642,-684.7261672602442,-759.2236734511429,-901.5530496685872
2025-08-12 00:00:00+00:00,0.91,0.09,0.09,0.09,13.748775988887108,13.209271,,-27.208752,-79.52107248142607,-77.00787209576694,1.665868051721553
2025-08-13 00:00:00+00:00,0.9299999999999999,0.07,0.07,0.07,19.61842223801562,0.24981499,,-0.4046619,-46.67564103787195,-50.37909826344349,9.04751166698794
2025-08-14 00:00:00+00:00,0.92,0.08,0.08,0.08,-2.3502092050209256,-1.784426,,24.935019,-72.67182751618995,-184.69521653356642,116.02908093811965
2025-08-15 00:00:00+00:00,0.94,0.06,0.06,0.06,-28.861142413971884,-11.678547,-100.0,-13.147348,-2709.263732892809,715.0182596401269,-44.01858857457013
2025-08-16 00:00:00+00:00,0.94,0.06,0.06,0.06,-16.18722368785611,-12.750173,,54.481148,-89.87742925410942,-108.39564206702217,-116.09528846683477
2025-08-17 00:00:00+00:00,0.9299999999999999,0.07,0.07,0.07,3.943917039762579,-7.487285,-100.0,-12.033308,106.66837380010183,-284.3334837224469,301.7329844596218
2025-08-18 00:00:00+00:00,0.92,0.08,0.08,0.08,42.444983718084316,16.186451,,-3.241855,-644.6457860907665,-807.6553716851324,-143.69072342310824
2025-08-19 00:00:00+00:00,0.9299999999999999,0.07,0.07,0.07,-11.776868529493134,5.8788776,-100.0,-5.1631746,-76.80390549664082,-75.19407066441168,48.18582280188623
2025-08-20 00:00:00+00:00,0.9299999999999999,0.07,0.07,0.07,5.859699505410765,-14.184409,,26.266586,-139.30958195789555,-94.4334357970123,-187.09587187975978
2025-08-21 00:00:00+00:00,0.92,0.08,0.08,0.08,-4.049517196935836,-3.7298799,,15.323091,-56.74856695513433,-1315.954648703023,-220.36967478418518
2025-08-22 00:00:00+00:00,0.9299999999999999,0.07,0.07,0.07,10.739549142590965,-13.11419,,-42.120026,92.80436125668274,18.13568214975856,163.04221747991767
2025-08-23 00:00:00+00:00,0.92,0.08,0.08,0.08,-18.49804846077847,2.7951121,-39.999996,23.464643,744.6781459448656,182.63851167734032,-114.21654359651087
2025-08-24 00:00:00+00:00,0.9299999999999999,0.07,0.07,0.07,-10.066373009109785,-1.34058,-100.0,-44.11408,-60.451150887692464,-33.24848696440641,-325.4220947324745
2025-08-25 00:00:00+00:00,0.92,0.08,0.08,0.08,36.9217936740958,15.3826475,,30.46186,-476.85435201560773,-412.8724042781262,-85.96596259531711
2025-08-26 00:00:00+00:00,0.94,0.06,0.06,0.06,1.3431388316252013,18.064667,,75.314354,-66.74731382796453,-79.0593520274975,1488.9275070589922
2025-08-27 00:00:00+00:00,0.9299999999999999,0.07,0.07,0.07,11.501969251780487,-5.7777405,,-27.124763,-82.89372403020636,-103.10472137658017,54.42240582914426
2025-08-28 00:00:00+00:00,0.91,0.09,0.09,0.09,-9.46369654756002,-7.310504,,19.443274,-80.36584094343692,583.5911656706962,31.927704508019474
2025-08-29 00:00:00+00:00,0.9299999999999999,0.07,0.07,0.07,-20.358990482179085,-14.63204,115.38458,40.16253,-2938.397967838893,-19.519558849162166,-121.89457860338666
2025-08-30 00:00:00+00:00,0.91,0.09,0.09,0.09,-26.415207196860948,7.0427895,-82.14285,6.387973,83.48103798337235,1898.9261260189362,-369.34639597838543
2025-08-31 00:00:00+00:00,0.91,0.09,0.09,0.09,-22.102550763278106,9.3385105,339.99997,-24.143494,-82.86836683682036,-68.6449204210801,98.67577948273374
2025-09-01 00:00:00+00:00,0.9299999999999999,0.07,0.07,0.07,69.64865231501287,-8.465433,-81.818184,12.519813,-1089.9745531543979,-569.1080198962131,-36.383522264683
2025-09-02 00:00:00+00:00,0.9299999999999999,0.07,0.07,0.07,5.749311091428022,-5.4076314,-75.0,15.540552,-104.50475952588516,-81.36821400378147,-141.72368570222812
2025-09-03 00:00:00+00:00,0.9,0.1,0.1,0.1,-49.47680066076092,14.597082,1900.0,43.980682,-241.13277079387015,-113.71892692447305,-126.08406037191182
2025-09-04 00:00:00+00:00,0.9299999999999999,0.07,0.07,0.07,64.79893162639159,-10.140192,160.00002,-32.563843,-89.45964379097548,99.76242690359523,333.24768312318406
2025-09-05 00:00:00+00:00,0.9299999999999999,0.07,0.07,0.07,43.160130216701816,-6.3981714,-100.0,-34.02019,-1822.9418844813051,117.3320957152716,10.795703508026744
2025-09-06 00:00:00+00:00,0.9299999999999999,0.07,0.07,0.07,-43.4259837601499,10.815358,,-3.9515555,381.9183751279967,428.4068521104988,118.15004942738909
2025-09-07 00:00:00+00:00,0.95,0.05,0.05,0.05,-41.794610819762646,22.854471,,26.349508,-69.21625759909706,-74.7153164117892,-2.5608800439397172
2025-09-08 00:00:00+00:00,0.95,0.05,0.05,0.05,254.8450675004817,-8.60858,,-30.064392,-619.4565663706153,-694.1148778102257,-42.71585366529583
2025-09-09 00:00:00+00:00,0.9299999999999999,0.07,0.07,0.07,3.388974036658521,-17.623842,33.333324,-31.435823,-94.03082057707269,-87.59480662818156,-60.557857801804026
2025-09-10 00:00:00+00:00,0.92,0.08,0.08,0.08,-20.550313449234146,4.8033357,0.0,125.97501,-264.388351646599,-158.83113528924747,-34.90143712533992
2025-09-11 00:00:00+00:00,0.92,0.08,0.08,0.08,-55.946352673214975,-7.855177,350.0,46.04727,-154.83678262778017,-41.94376996585022,309.24565471318493
2025-09-12 00:00:00+00:00,0.92,0.08,0.08,0.08,-2.7466820542411785,-5.4177523,-83.33333,-10.361391,-192.98017363860697,173.7672347063559,58.975543146321385
2025-09-13 00:00:00+00:00,0.9299999999999999,0.07,0.07,0.07,4.502195324552027,-6.418216,3200.0,-4.3990555,1733.1114957675084,445.7975132470826,-113.5409649508674
2025-09-14 00:00:00+00:00,0.94,0.06,0.06,0.06,0.48828125,8.289087,-47.474754,-1.9158065,-78.34297865333386,-71.15664845113302,-14.353883011725166
2025-09-15 00:00:00+00:00,0.95,0.05,0.05,0.05,-89.2636788934843,8.512676,-34.61539,68.7243,-597.005972864336,-634.6376408768432,349.31471687447697
2025-09-16 00:00:00+00:00,0.91,0.09,0.09,0.09,662.3197558151774,-8.572865,-94.117645,-20.872599,-100.19270995481675,-93.78584084756186,64.28917207282068
2025-09-17 00:00:00+00:00,0.931,0.069,0.069,0.069,145.63566576462142,1.4140606,250.00003,-30.569452,-3504.060809006261,-159.23860806136884,-59.18142463057432
2025-09-18 00:00:00+00:00,0.92,0.08,0.08,0.08,-16.333631238442116,17.733837,-100.0,-4.5963106,32.402588018833555,-298.26485798615903,-9.123887799978004
2025-09-19 00:00:00+00:00,0.94,0.06,0.06,0.06,34.257977830030214,14.740742,,-24.758768,154.24391653407298,-168.2648504934933,-400.4007744234716
2025-09-20 00:00:00+00:00,0.94,0.06,0.06,0.06,-46.973374098667456,2.395022,,46.7124,-539.8864463509334,1271.4513482944235,-122.22143404242769
2025-09-21 00:00:00+00:00,0.95,0.05,0.05,0.05,-26.63112201566481,-33.000587,-84.84849,-17.03623,-87.62237942238617,-58.61033614025941,-431.51107525951363
2025-09-22 00:00:00+00:00,0.94,0.06,0.06,0.06,113.49856589795363,-14.037389,-80.0,9.784115,-1021.4417692747519,-490.41483906679895,-59.27807522821459
2025-09-23 00:00:00+00:00,0.95,0.05,0.05,0.05,35.292452091353276,3.806281,0.0,-4.6731176,-95.07300981047774,-99.24174007583491,73.56444642712685
2025-09-24 00:00:00+00:00,0.95,0.05,0.05,0.05,-28.008335708178976,-4.0432034,-100.0,15.442192,-100.41073675249955,-41.455171730621196,-5.2362577559328605
2025-09-25 00:00:00+00:00,0.9299999999999999,0.07,0.07,0.07,15.913308097676836,-12.026614,,-14.275223,-65362.37561149194,907.4772517519442,89.22374767634291
2025-09-26 00:00:00+00:00,0.95,0.05,0.05,0.05,19.427013297475003,7.7370524,-80.0,-42.333458,-159.9178722138094,48.78840088224845,-87.75357100115401
2025-09-27 00:00:00+00:00,0.9299999999999999,0.07,0.07,0.07,-14.505989428580367,9.269274,-100.0,-48.98339,917.3762537627399,-1136.913049924327,-273.70237434663113
2025-09-28 00:00:00+00:00,0.94,0.06,0.06,0.06,-8.170581933157406,12.765598,,3.8964987,-73.92495675219301,-67.40945959835327,-102.6899722649072
2025-09-29 00:00:00+00:00,0.94,0.06,0.06,0.06,35.943111131346384,-2.7607262,,56.238342,-610.4700582907933,-514.0923221951863,4725.037927073347
2025-09-30 00:00:00+00:00,0.92,0.08,0.08,0.08,-0.5443405744619323,3.3798814,,16.549397,-95.35299196832594,-93.47313653878419,-34.8370315276589
2025-10-01 00:00:00+00:00,0.95,0.05,0.05,0.05,0.9926683763615829,-11.479198,,-31.20811,-4.482242260798975,-115.70501443060053,186.66881012250087
2025-10-02 00:00:00+00:00,0.9299999999999999,0.07,0.07,0.07,-17.923205168281754,6.4346433,,83.34893,-26.886578616868707,-642.4198002604041,-24.3505844330413
2025-10-03 00:00:00+00:00,0.95,0.05,0.05,0.05,-32.51160670872208,-6.492901,,78.02521,-418.47384604896047,-185.4813214861196,-94.23228905834769
2025-10-04 00:00:00+00:00,0.94,0.06,0.06,0.06,-99.8474416854778,8.49415,275.6098,58.097363,428.11100998087613,1527.6532905868344,5768.826745710371
2025-10-05 00:00:00+00:00,0.94,0.06,0.06,0.06,10582.244143033293,-13.347512,-99.35065,-27.502083,-48.20236211708734,-75.10049536646792,-47.947794372804154
2025-10-06 00:00:00+00:00,0.96,0.04,0.04,0.04,885.0876686712913,7.1929574,-100.0,-36.74147,-467.5220415378563,-651.1741910938576,23.396240585122463
2025-10-07 00:00:00+00:00,0.96,0.04,0.04,0.04,32.04610674106614,9.3944435,,-29.802853,-90.96044322073014,-89.41374081760921,-9.177187280048216
2025-10-08 00:00:00+00:00,0.96,0.04,0.04,0.04,-6.300936377447419,2.3189783,,-39.138615,-34.676935495863916,-110.67868618035226,57.57399860658121
2025-10-09 00:00:00+00:00,0.96,0.04,0.04,0.04,-10.177470970014902,-8.963293,150.0,34.38598,-126.71122240539432,-1002.7738809590666,-59.9744165871652
2025-10-10 00:00:00+00:00,0.94,0.06,0.06,0.06,-4.399912275892326,7.163489,-100.0,-46.5646,1507.2123629035061,-218.1113712310691,-188.7612655579505
2025-10-11 00:00:00+00:00,0.9299999999999999,0.07,0.07,0.07,-3.159596690408484,1.6037345,,17.626118,257.8712173346453,441.90846964029646,489.9655294806807
2025-10-12 00:00:00+00:00,0.9299999999999999,0.07,0.07,0.07,-8.832298844029395,-0.103253126,-100.0,65.6282,-82.4741267557155,-53.4644260320101,-38.096815986496914
2025-10-13 00:00:00+00:00,0.94,0.06,0.06,0.06,33.09789655939177,-0.7383406,,16.362976,-858.3735908099044,-433.7059929594666,-79.46099647989395
2025-10-14 00:00:00+00:00,0.9299999999999999,0.07,0.07,0.07,8.945924992913778,-11.395425,-100.0,-11.913687,-88.51126549168403,-88.43368183868225,-48.938094856604174
2025-10-15 00:00:00+00:00,0.9299999999999999,0.07,0.07,0.07,-4.480082015231412,1.1920929e-05,,-38.357628,46.89077399398498,-18.13176029708863,-422.9321919660082
2025-10-16 00:00:00+00:00,0.9299999999999999,0.07,0.07,0.07,-17.02203458467455,-0.57086945,0.0,48.05143,-72.8065778455047,-81.39762371351995,45.40883110559566
2025-10-17 00:00:00+00:00,0.94,0.06,0.06,0.06,5.353990765458305,-4.7787786,-100.0,-26.974504,-258.7332230470963,-537.5040368233633,-9.988593476692065
2025-10-18 00:00:00+00:00,0.9299999999999999,0.07,0.07,0.07,-12.49399039701553,-4.1142044,,75.059906,663.1779332536887,858.1455911513062,58.55739429102022
2025-10-19 00:00:00+00:00,0.9299999999999999,0.07,0.07,0.07,-31.596712961871297,7.545769,1050.0,50.728752,-76.83771710401172,-78.08512387753234,2.4038706320318237
2025-10-20 00:00:00+00:00,0.9299999999999999,0.07,0.07,0.07,1.6434469813834562,22.012043,8.69565,53.008305,-576.7586234531223,-690.493811936883,-100.0938394409272
2025-10-21 00:00:00+00:00,0.9299999999999999,0.07,0.07,0.07,4.332409728039499,-10.669481,11.999989,0.47106743,-94.88363920578063,-96.8061629901993,-4764.229854767258
2025-10-22 00:00:00+00:00,0.94,0.06,0.06,0.06,66.6205078445618,-3.4080267,35.714306,-42.778866,205.47278844148332,-64.45185677240323,1352.8250199312286
2025-10-23 00:00:00+00:00,0.95,0.05,0.05,0.05,-46.20601056809613,-9.980387,407.89474,135.58073,-101.09759877061761,994.218230853691,-104.9922413612835
2025-10-24 00:00:00+00:00,0.94,0.06,0.06,0.06,-39.781313749489996,-27.163857,-78.23834,-17.47073,686.719627066471,-170.67041367885886,-1319.3455089175886
2025-10-25 00:00:00+00:00,0.94,0.06,0.06,0.06,-55.58536666154759,4.1106105,316.6667,-15.045607,5316.753018329499,656.7784833889609,135.54253380265175
2025-10-28 00:00:00+00:00,0.96,0.04,0.04,0.04,2.160066231059732,16.663074,-61.17647,-4.805362,-103.57291227411176,-111.84973404805403,-263.29968131844134
2025-10-29 00:00:00+00:00,0.96,0.04,0.04,0.04,37.015290439448066,5.026901,57.575775,-27.660763,156.75041086942807,-153.90486225188232,-241.36548817122332
2025-10-30 00:00:00+00:00,0.9299999999999999,0.07,0.07,0.07,-20.307412499490106,-16.91981,-88.46153,0.99571943,-334.13740106394516,-145.05019181974112,-244.99736985285642
2025-10-31 00:00:00+00:00,0.9299999999999999,0.07,0.07,0.07,-5.49477018311888,17.920912,-100.0,2.058506,-364.7743157295789,512.4246738500852,-244.80931244965714
2025-11-01 00:00:00+00:00,0.95,0.05,0.05,0.05,-40.05253533152374,8.653331,,26.374186,58.47166613617654,464.29287584623313,-190.67634497561343
2025-11-02 00:00:00+00:00,0.95,0.05,0.05,0.05,71.10548958230918,-19.462425,-60.000004,-13.5001545,-93.0590635923238,-130.7067768857235,-230.16053789628376
2025-11-03 00:00:00+00:00,0.95,0.05,0.05,0.05,-6.477171960001426,-2.5134027,-100.0,12.730206,-2964.0718051792987,284.0121786129227,-104.45241114819916
2025-11-04 00:00:00+00:00,0.96,0.04,0.04,0.04,-12.989879029914553,35.22824,,-9.942257,-86.75257245249404,-111.71227913753047,3589.85872538902
2025-11-05 00:00:00+00:00,0.92,0.08,0.08,0.08,30.29802209210899,3.3286572,,-15.485066,-659.435956306081,-128.96098631353465,-368.64291399988457
2025-11-06 00:00:00+00:00,0.95,0.05,0.05,0.05,37.133575297401954,-12.885666,,-31.680834,-116.38746234529943,77.8096590355851,-12.510829911047361
2025-11-07 00:00:00+00:00,0.95,0.05,0.05,0.05,-5.128733682661279,-2.8472185,,-4.9986305,368.82568633577614,-133.90141304399108,-107.72911057942476
2025-11-08 00:00:00+00:00,0.94,0.06,0.06,0.06,-0.3307608738481571,-2.4481833,,-0.8178532,-196.76900934048876,3234.7084032696016,41.968999612353585
2025-11-09 00:00:00+00:00,0.95,0.05,0.05,0.05,-3.8660728304099057,-12.071806,,10.990119,-63.51746364338572,-72.73153817710991,-80.09731009061063
2025-11-10 00:00:00+00:00,0.94,0.06,0.06,0.06,-6.8782384941663,-6.312495,,49.25821,-221.74078252304597,-370.38259442232214,-1400.2045660690014
2025-11-11 00:00:00+00:00,0.961,0.039,0.039,0.039,-14.296258911109716,12.764049,-100.0,14.5403385,-209.87748584864815,-216.2740392662226,-152.29136583758483
2025-11-12 00:00:00+00:00,0.965,0.035,0.035,0.035,-7.007044586268584,19.463634,,-1.7379522,-414.90880009374774,-246.89689982171058,141.32345872996854
2025-11-13 00:00:00+00:00,0.969,0.031,0.031,0.031,1.0827198606823352,11.587965,,-19.312292,-149.48342670767533,-88.43698801407872,-269.4868027932494
2025-11-14 00:00:00+00:00,0.966,0.034,0.034,0.034,19.79752196200717,3.180468,55.555546,-9.646183,-181.72315579333963,-234.78924634272377,-137.5528898138075
2025-11-15 00:00:00+00:00,0.965,0.035,0.035,0.035,-2.3152227628926214,-9.476691,607.14294,-45.575726,-216.0422099475313,243.04900766416847,-13.296165561568717
2025-11-16 00:00:00+00:00,0.972,0.028,0.028,0.028,9.111130442929127,-37.26639,-20.202023,32.158756,-82.53908001514525,-94.9097458542666,-46.297494838243836
2025-11-17 00:00:00+00:00,0.964,0.036,0.036,0.036,5.701357355058878,-40.595806,-88.6076,24.477255,-1475.2767495401408,-4617.699518124608,112.20552855796467
2025-11-18 00:00:00+00:00,0.969,0.031,0.031,0.031,10.505800453267389,-37.016575,44.444443,31.255531,-84.23983568136202,-90.45985712521131,51.98637689677214
2025-11-19 00:00:00+00:00,0.965,0.035,0.035,0.035,-0.31534975154262623,49.19027,223.07689,6.2116027,-132.14956805964982,-244.85237769796316,38.34480216611602
2025-11-20 00:00:00+00:00,0.9659333333333333,0.03406666666666667,0.03406666666666667,0.03406666666666667,18.267769124372023,-67.48078,-30.952381,-35.81029,-588.0029023524814,-89.36407491120355,88.74988848353844
2025-11-21 00:00:00+00:00,0.9668666666666667,0.033133333333333334,0.033133333333333334,0.033133333333333334,14.361743821057393,-19.888723,-93.10345,-31.234938,-153.50102887901306,-1198.6946029889912,-51.684669884049924
2025-11-22 00:00:00+00:00,0.9678,0.032200000000000006,0.032200000000000006,0.032200000000000006,-32.23484934041891,-139.0625,-100.0,121.785805,109.99484216232176,-301.010331627529,8.540815228793598
2025-11-23 00:00:00+00:00,0.9687333333333333,0.03126666666666667,0.03126666666666667,0.03126666666666667,-21.279212368010626,-644.0,,41.037987,-13.904253546629164,-39.70419546044484,-22.084394409628093
2025-11-24 00:00:00+00:00,0.9696666666666667,0.030333333333333337,0.030333333333333337,0.030333333333333337,57.145234928333764,115.68627,128.20514,-40.686314,-216.7028448672263,-490.18018699790343,-187.92814095328382
2025-11-25 00:00:00+00:00,0.9706,0.029400000000000003,0.029400000000000003,0.029400000000000003,-3.775974282382777,-24.583323,-94.38203,-15.995705,-112.7295742187398,-96.6248817489128,33.67696416443311
2025-11-26 00:00:00+00:00,0.9715333333333334,0.028466666666666668,0.028466666666666668,0.028466666666666668,23.27386102056268,-16.52438,-100.0,-28.977793,1190.9820959802064,-694.9531626251031,147.07805495081456
2025-11-27 00:00:00+00:00,0.9724666666666667,0.027533333333333337,0.027533333333333337,0.027533333333333337,-33.79603556974489,47.051765,,151.84216,-211.23145469334142,-60.99266112269088,-95.14295812160569
2025-11-28 00:00:00+00:00,0.9734,0.026600000000000002,0.026600000000000002,0.026600000000000002,-5.99021802401245,62.152195,218.1818,-7.8791437,-29.31607684271619,-105.996537184377,-1155.9035312485742
2025-11-29 00:00:00+00:00,0.9743333333333333,0.02566666666666667,0.02566666666666667,0.02566666666666667,4.802056891732542,6.232655,-48.571426,1.5338063,-241.2558248314765,-14125.27284123413,-15.635744275926356
2025-11-30 00:00:00+00:00,0.9752666666666666,0.024733333333333336,0.024733333333333336,0.024733333333333336,-4.15080564008099,-35.748226,-94.44444,-18.851662,-78.01243504355185,-56.93155579056936,32.62408046629548
2025-12-01 00:00:00+00:00,0.9762,0.0238,0.0238,0.0238,6.875447889469655,-10.12938,500.0,48.23146,-974.8027698678108,-518.8868938337013,33.79834969944477
2025-12-02 00:00:00+00:00,0.9771333333333333,0.022866666666666667,0.022866666666666667,0.022866666666666667,4.439862285142904,45.783627,-83.333336,-24.393707,-144.45849181656706,-94.49291666780826,-103.56401712643886
2025-12-03 00:00:00+00:00,0.9780666666666666,0.021933333333333336,0.021933333333333336,0.021933333333333336,28.285006206913586,-6.715584,100.0,-39.40928,26.968769295703087,-679.9985418745912,1922.3720719255607
2025-12-04 00:00:00+00:00,0.979,0.021,0.021,0.021,-14.14223781546795,-11.766481,550.00006,47.613728,-160.497489022604,-189.3872615318815,-28.845729757124804
2025-12-05 00:00:00+00:00,0.9799333333333333,0.02006666666666667,0.02006666666666667,0.02006666666666667,4.4896245517457745,-31.53926,-92.30769,0.2985716,3.333529778354083,-24.43699486354298,-68.57999899292446
2025-12-06 00:00:00+00:00,0.9808666666666667,0.019133333333333336,0.019133333333333336,0.019133333333333336,-37.64565559157528,105.60844,2900.0,55.647816,-138.72286615057868,-398.3919617674994,-560.946814455451
2025-12-07 00:00:00+00:00,0.9818,0.0182,0.0182,0.0182,-9.31104434284964,28.032148,123.333336,-12.812477,147.54389049578614,-60.98695393503074,-35.342767055196674
2025-12-08 00:00:00+00:00,0.9827333333333333,0.01726666666666667,0.01726666666666667,0.01726666666666667,8.965244865718791,12.897086,59.701492,-11.715591,-309.5177012398365,-439.19357119463075,-6.530255076157232
2025-12-09 00:00:00+00:00,0.9836666666666667,0.016333333333333335,0.016333333333333335,0.016333333333333335,15.930396906669886,0.7413626,-100.0,6.6075087,-107.93698584623222,-122.27779780050257,48.44983239432305
2025-12-10 00:00:00+00:00,0.9846,0.0154,0.0154,0.0154,-0.9121304752061743,-7.6099453,,-18.876434,110.24838896891467,149.49936403140663,87.6100155040261
2025-12-11 00:00:00+00:00,0.9855333333333334,0.01446666666666667,0.01446666666666667,0.01446666666666667,20.2343685414313,-36.585815,-100.0,-21.423101,-150.0528389906925,-202.80143561275247,-53.7760235705306
2025-12-12 00:00:00+00:00,0.9864666666666667,0.013533333333333335,0.013533333333333335,0.013533333333333335,14.954557278685176,23.722517,,-0.34453273,-217.6264613866933,-58.82088172664574,-85.08466266079803
2025-12-13 00:00:00+00:00,0.9874,0.0126,0.0126,0.0126,-13.387018310578025,-15.3899555,,-43.022198,707.2568777758523,-327.00818518819756,-469.3516836946207
2025-12-14 00:00:00+00:00,0.9883333333333333,0.011666666666666669,0.011666666666666669,0.011666666666666669,-10.245198803930734,-8.017439,-100.0,102.91011,-82.94969247330798,-55.68608106112551,-52.650064240803765
2025-12-15 00:00:00+00:00,0.9892666666666666,0.010733333333333334,0.010733333333333334,0.010733333333333334,3.7006736074867375,8.241928,,16.733574,-1067.879101062119,-562.2366114256128,-164.17283278780747
2025-12-16 00:00:00+00:00,0.9902,0.0098,0.0098,0.0098,21.643027612558583,29.964388,,-22.073305,-109.38893632497116,-107.71713832946352,-56.86765172643287
2025-12-17 00:00:00+00:00,0.9911333333333333,0.008866666666666669,0.008866666666666669,0.008866666666666669,-3.591080750013975,-22.212864,-100.0,5.575359,-52.66032300717535,15.627075706528348,150.9816348846304
2025-12-18 00:00:00+00:00,0.9920666666666667,0.007933333333333334,0.007933333333333334,0.007933333333333334,-37.21848313297602,34.922768,,74.55398,-579.2858956708063,-81.16560543994905,409.5662062776087
2025-12-19 00:00:00+00:00,0.993,0.007,0.007,0.007,16.344621296478245,-9.839338,4800.0,-36.761093,-249.62750890260392,-623.8189554358527,-146.18547109006212
2025-12-20 00:00:00+00:00,0.996,0.004,0.004,0.004,29.5208385361706,-42.271717,-97.95918,-37.703194,87.6612408737181,-740.7770681612166,103.09132783135966
2025-12-21 00:00:00+00:00,0.994,0.006,0.006,0.006,-11.919561406148471,60.3395,-100.0,25.5849,-53.58188779519537,-42.094512186339415,-0.8646883850002673
2025-12-22 00:00:00+00:00,0.995,0.005,0.005,0.005,1.103525943172401,-44.22521,,-23.918396,-297.42899730811115,-429.04195583401696,141.09821382990816
2025-12-23 00:00:00+00:00,0.997,0.003,0.003,0.003,-9.283534791979042,-26.74719,,79.74764,-35.055083143781516,-184.60242244537847,-193.1910553961937
2025-12-24 00:00:00+00:00,0.995,0.005,0.005,0.005,-19.721038036505114,-75.85395,,44.527565,-94.16393805815441,-117.20419890851828,-18.13195668211244
2025-12-25 00:00:00+00:00,0.996,0.004,0.004,0.004,7.421900509721846,-353.4147,,-20.241726,-2566.4448898120268,-531.0728609621165,14.092247823733906
2025-12-26 00:00:00+00:00,0.995,0.005,0.005,0.005,45.314227298251566,-47.353226,,-30.661613,-171.1279772952533,-190.17479660916825,-25.604501188570104
2025-12-27 00:00:00+00:00,0.998,0.002,0.002,0.002,-6.77371410956491,-146.25227,,2.6392698,-155.80507592797136,-150.5243175797086,14.666184711015662
2025-12-28 00:00:00+00:00,0.998,0.002,0.002,0.002,2.9457021964045538,392.88544,,-17.202652,73.7049963721263,-77.1114820939547,-63.76409600129072
2025-12-29 00:00:00+00:00,0.999,0.001,0.001,0.001,4.23763130393684,-86.60786,,-28.451527,-240.8845778334495,-473.90448079245743,150.57506838652893
2025-12-30 00:00:00+00:00,0.999,0.001,0.001,0.001,-7.753241522299437,429.93997,,29.628456,-109.95600800371265,-39.611006423527826,-42.63771774968741
