timestamp,price_No,price_Yes,pct_Country Hourly - Belgium,pct_BE Temp (C),pct_BE Precipitation (mm),pct_BE Wind Speed (km/h)
2026-02-26 13:00:00+00:00,0.76,0.24,217.5803402646503,5.993688,,35.293007
2026-02-26 14:00:00+00:00,0.76,0.24,61.22023809523809,0.89286566,,19.159449
2026-02-26 15:00:00+00:00,0.76,0.24,32.7672143252723,-1.1799455,,1.6082287
2026-02-26 16:00:00+00:00,0.76,0.24,22.969966629588434,-3.2835782,,-10.220933
2026-02-26 17:00:00+00:00,0.76,0.24,6.445047489823619,-7.716054,,-6.851089
2026-02-26 18:00:00+00:00,0.76,0.24,8.39175695772254,-6.354517,,-11.012304
2026-02-26 19:00:00+00:00,0.7635964912280702,0.2364035087719298,-18.48294786358291,-5.000001,,10.317469
2026-02-26 20:00:00+00:00,0.7649999999999999,0.235,-7.47775907670114,-1.5037596,,17.140388
2026-02-26 21:00:00+00:00,0.765,0.235,-12.824844074844066,-3.435123,,1.3159752
2026-02-26 22:00:00+00:00,0.765,0.235,-12.699359069906102,-4.743081,,-1.6314924
2026-02-26 23:00:00+00:00,0.7649999999999999,0.235,-25.08109953901314,-2.90457,,0.0
2026-02-27 00:00:00+00:00,0.7649999999999999,0.235,1.9826800364630692,-2.136755,,-2.9161632
2026-02-27 01:00:00+00:00,0.7649999999999999,0.235,2.5251396648044766,-2.620089,,-7.9767523
2026-02-27 02:00:00+00:00,0.7649999999999999,0.235,0.7410636442894525,-3.5874426,,-7.81067
2026-02-27 03:00:00+00:00,0.7649999999999999,0.235,3.266983989614891,-3.2558203,,-5.958456
2026-02-27 04:00:00+00:00,0.7649999999999999,0.235,10.643201340875773,-2.8846085,,5.260384
2026-02-27 05:00:00+00:00,0.7649999999999999,0.235,21.45427002461655,-0.49505234,,8.0000515
2026-02-27 06:00:00+00:00,0.7649999999999999,0.235,15.544122232616143,2.9850721,,3.5743356
2026-02-27 07:00:00+00:00,0.7649999999999999,0.235,-11.63135879098638,1.449275,,3.1570911
2026-02-27 08:00:00+00:00,0.7649999999999999,0.235,-18.644067796610166,8.571423,,3.2015681
2026-02-27 09:00:00+00:00,0.7649999999999999,0.235,-43.95645645645646,10.526323,,-13.102997
2026-02-27 10:00:00+00:00,0.7649999999999999,0.235,-66.61085063630274,8.730149,,17.280209
2026-02-27 11:00:00+00:00,0.7649999999999999,0.235,-8.82647943831495,2.9197097,,12.124443
2026-02-27 12:00:00+00:00,0.7649999999999999,0.235,89.76897689768977,3.9007068,-100.0,-8.153343
2026-02-27 13:00:00+00:00,0.7649999999999999,0.235,64.86956521739131,-1.7064869,,-6.3047647
2026-02-27 14:00:00+00:00,0.7649999999999999,0.235,91.80731364275667,0.0,-100.0,-5.486071
2026-02-27 15:00:00+00:00,0.765,0.23500000000000001,33.34555453712191,0.0,,-9.00408
2026-02-27 16:00:00+00:00,0.7649999999999999,0.235,21.459994500962342,-4.8611107,,14.868021
2026-02-27 17:00:00+00:00,0.7649999999999999,0.235,7.017543859649122,-9.124088,100.0,2.3286104
2026-02-27 18:00:00+00:00,0.765,0.23500000000000001,0.10576414595453443,-6.0240984,-75.0,-4.6591463
2026-02-27 19:00:00+00:00,,,-16.111991547807712,1.2820601,-100.0,7.0046782
2026-02-27 20:00:00+00:00,0.7649999999999999,0.235,-11.662468513853907,-2.1097064,,2.9053807
2026-02-27 21:00:00+00:00,0.7649999999999999,0.235,3.8922155688622784,-1.7241418,,9.0729475
2026-02-27 22:00:00+00:00,0.7649999999999999,0.235,-6.847811170577756,-2.19298,10.000002,-0.065004826
2026-02-27 23:00:00+00:00,0.7649999999999999,0.235,-5.774896876841473,0.44842958,-54.545456,-0.43042898
2026-02-28 00:00:00+00:00,0.7649999999999999,0.235,-9.208880550343967,0.89286566,-80.0,-5.772233
2026-02-28 01:00:00+00:00,,,-3.530222145686235,0.0,-100.0,2.842784
2026-02-28 02:00:00+00:00,0.7649999999999999,0.235,-5.855051767225994,-5.752218,,-1.734519
2026-02-28 03:00:00+00:00,0.7649999999999999,0.235,0.13272658323852937,-5.6337953,,3.8213968
2026-02-28 04:00:00+00:00,0.7649999999999999,0.235,0.4923309979170565,-2.487564,,4.9798727
2026-02-28 05:00:00+00:00,0.7649999999999999,0.235,5.087620124364056,-3.061229,,2.3925543
2026-02-28 06:00:00+00:00,0.7649999999999999,0.235,1.8827326519634147,6.3157916,,-4.5193553
2026-02-28 07:00:00+00:00,0.7649999999999999,0.235,-25.589581133403726,-3.4653485,,6.1721563
2026-02-28 08:00:00+00:00,0.7649999999999999,0.235,-61.75496688741722,2.5641084,,10.489714
2026-02-28 09:00:00+00:00,0.7649999999999999,0.235,-97.89734075448361,3.5000086,,18.864334
2026-02-28 10:00:00+00:00,0.7649999999999999,0.235,-105.88235294117648,-0.48309565,,9.549295
2026-02-28 11:00:00+00:00,0.7649999999999999,0.235,-600.0,0.48544407,,13.125825
2026-02-28 12:00:00+00:00,0.7649999999999999,0.235,-10.000000000000009,2.898538,,-10.884428
2026-02-28 13:00:00+00:00,0.7649999999999999,0.235,-100.0,-10.7981205,0.0,-14.416474
2026-02-28 14:00:00+00:00,0.7649999999999999,0.235,,-3.6842167,100.0,-1.501435
2026-02-28 15:00:00+00:00,0.7649999999999999,0.235,340.56189640035115,-1.0928929,-50.0,-10.362935
2026-02-28 16:00:00+00:00,,,43.32403347947389,5.524862,-100.0,-10.941333
2026-02-28 17:00:00+00:00,,,15.016685205784208,-5.759162,,-19.505644
2026-02-28 18:00:00+00:00,,,8.77659574468086,-6.1111155,,-14.315677
2026-02-28 19:00:00+00:00,,,-16.837074905534564,-8.28402,,12.696481
2026-02-28 20:00:00+00:00,,,-5.064813577442195,-12.258064,,-5.662763
2026-02-28 21:00:00+00:00,,,2.1677927927927776,-11.02941,,-8.10082
2026-02-28 22:00:00+00:00,,,-8.500964453017367,-8.264464,,-2.748233
2026-02-28 23:00:00+00:00,,,,-6.3063145,,-1.1678874
2026-03-01 00:00:00+00:00,,,,-1.9230723,,-2.4353206
2026-03-01 01:00:00+00:00,,,-9.112845990063878,-5.8823466,,-7.025802
2026-03-01 02:00:00+00:00,,,-8.27736998282056,-3.125,,-3.7506878
2026-03-01 03:00:00+00:00,,,-2.843521198705934,-1.0752738,,-3.8230836
2026-03-01 04:00:00+00:00,,,-2.8916929547844528,-4.3478193,,7.579994
2026-03-01 05:00:00+00:00,,,0.05414185165133478,-1.1363685,,9.576166
2026-03-01 06:00:00+00:00,,,-2.5432900432900363,11.494255,,8.275008
2026-03-01 07:00:00+00:00,,,-20.414584490098097,9.278357,,10.488105
2026-03-01 08:00:00+00:00,,,-64.13953488372093,24.528301,,4.892409
2026-03-01 09:00:00+00:00,,,-100.0,18.181824,,-7.6087713
2026-03-01 10:00:00+00:00,,,,17.307686,,4.798901
2026-03-01 11:00:00+00:00,,,1750.0,15.847004,,16.317976
2026-03-01 12:00:00+00:00,,,113.51351351351352,10.849047,,34.717716
2026-03-01 13:00:00+00:00,,,-98.73417721518987,-5.531913,,-18.795061
2026-03-01 14:00:00+00:00,,,-186700.0,0.0,,-8.480078
2026-03-01 15:00:00+00:00,,,199.5712754555198,7.207203,,0.5993247
2026-03-01 16:00:00+00:00,,,44.79427549194992,-4.6218395,,-12.369251
2026-03-01 17:00:00+00:00,,,7.9812206572769995,-4.405284,,-5.177331
2026-03-01 18:00:00+00:00,,,0.48054919908464555,-2.764976,,-7.582736
2026-03-01 19:00:00+00:00,,,-12.218173536779764,-3.7914753,,0.44221878
2026-03-01 20:00:00+00:00,,,-10.14398754702297,-2.4630547,,-0.4723668
2026-03-01 21:00:00+00:00,,,-8.705067128627109,-1.0100961,,0.1369834
2026-03-01 22:00:00+00:00,,,-13.915243516761555,-10.2040825,,-7.6328993
2026-03-01 23:00:00+00:00,,,-1.745040411462151,-7.3863688,,-5.017477
2026-03-02 00:00:00+00:00,,,-2.4116657319125046,-6.134963,,-1.7070115
2026-03-02 01:00:00+00:00,,,5.1724137931034475,-4.575163,,-2.39681
2026-03-02 02:00:00+00:00,,,-1.6393442622950838,-2.7397275,,3.447938
2026-03-02 03:00:00+00:00,,,5.944444444444441,-3.5211265,,5.6426883
2026-03-02 04:00:00+00:00,,,16.325817164831324,-2.9197037,,1.3311863
2026-03-02 05:00:00+00:00,,,23.125469571750568,-3.759396,,-0.34306645
2026-03-02 06:00:00+00:00,,,36.64876739077374,1.5625,,2.3307204
2026-03-02 07:00:00+00:00,,,-7.475216575868537,2.3076892,,0.062274933
2026-03-02 08:00:00+00:00,,,-29.89382239382239,20.300747,,-2.1474957
2026-03-02 09:00:00+00:00,,,-25.80201018862729,22.500002,,-17.509525
2026-03-02 10:00:00+00:00,,,-23.418073854147337,17.857147,,4.4703364
2026-03-02 11:00:00+00:00,,,-44.754058638236,14.285707,,-0.15012026
2026-03-02 12:00:00+00:00,,,30.78947368421052,13.636362,,3.3661246
2026-03-02 13:00:00+00:00,,,63.011401743796114,4.000008,,2.6405573
2026-03-02 14:00:00+00:00,,,31.0841390660358,1.2820482,,-1.4812291
2026-03-02 15:00:00+00:00,,,37.743251726302574,-0.31645894,,-9.050846
2026-03-02 16:00:00+00:00,,,51.350119630853385,-4.444444,,-29.328585
2026-03-02 17:00:00+00:00,,,24.54080096356519,-11.627907,,-7.1440697
2026-03-02 18:00:00+00:00,,,-15.981624758220503,-7.1428537,,21.656322
2026-03-02 19:00:00+00:00,,,-24.978417266187048,-5.2631617,,0.7157564
2026-03-02 20:00:00+00:00,,,-16.772151898734165,-7.2649536,,2.5009155
2026-03-02 21:00:00+00:00,,,-1.9933172024426793,-6.4516187,,4.3380976
2026-03-02 22:00:00+00:00,,,-6.583588055490253,-5.9113264,,0.8035183
2026-03-02 23:00:00+00:00,,,-1.057135665743758,-5.759162,,-3.7443995
2026-03-03 00:00:00+00:00,,,4.4517934367845235,-4.444438,,5.885029
2026-03-03 01:00:00+00:00,,,-1.0716025328787238,-5.8139505,,-5.051136
2026-03-03 02:00:00+00:00,,,-2.8434268833086973,-3.7037075,,3.9442897
2026-03-03 03:00:00+00:00,,,4.15558089446344,-3.8461566,,3.7965536
2026-03-03 04:00:00+00:00,,,9.03782994769493,-5.333334,,-3.6576927
2026-03-03 05:00:00+00:00,,,38.79964301651049,-6.338024,,-3.548348
2026-03-03 06:00:00+00:00,,,23.364410866420204,-1.5037596,,-12.985081
2026-03-03 07:00:00+00:00,,,-9.66186722262037,-3.8167953,,-5.3230286
2026-03-03 08:00:00+00:00,,,-30.001442377037357,20.634914,,-18.255997
2026-03-03 09:00:00+00:00,,,-29.775396661858643,26.973677,,-54.057354
2026-03-03 10:00:00+00:00,,,-32.27699530516433,22.279799,,-12.9255
2026-03-03 11:00:00+00:00,,,-35.18197573656845,14.406776,,5.266702
2026-03-03 12:00:00+00:00,,,-9.893048128342253,11.851859,,-55.827393
2026-03-03 13:00:00+00:00,,,82.75222551928785,6.2913775,,-20.943052
2026-03-03 14:00:00+00:00,,,43.35295311548608,1.8691659,,45.602192
2026-03-03 15:00:00+00:00,,,37.434517910236444,-0.3058195,,104.20117
2026-03-03 16:00:00+00:00,,,41.44431853301742,-3.3742309,,6.3588977
2026-03-03 17:00:00+00:00,,,27.021121631463952,-12.380952,,33.41664
2026-03-03 18:00:00+00:00,,,-5.676605504587162,-6.884056,,43.94133
2026-03-03 19:00:00+00:00,,,-33.92705167173252,-2.7237356,,47.906567
2026-03-03 20:00:00+00:00,,,-6.909559297083446,-10.800004,,13.120437
2026-03-03 21:00:00+00:00,,,-5.534690650326157,-7.623315,,-6.094265
2026-03-03 22:00:00+00:00,,,-7.4074074074074066,-3.883499,,-1.7508209
2026-03-03 23:00:00+00:00,,,33.084745762711876,-5.5555463,,1.423645
2026-03-04 00:00:00+00:00,,,-0.8150789607743292,-5.3475914,,-7.3497353
2026-03-04 01:00:00+00:00,,,-1.8318781030645326,-9.039551,,-12.981814
2026-03-04 02:00:00+00:00,,,-1.8747820020927897,-8.695656,,2.786231
2026-03-04 03:00:00+00:00,,,2.4082466897716204,-8.843541,,-6.9073734
2026-03-04 04:00:00+00:00,,,0.6247830614370065,-6.7164125,,-0.8962095
2026-03-04 05:00:00+00:00,,,42.40255260434633,-7.999998,,8.565771
2026-03-04 06:00:00+00:00,,,37.0011506086114,-10.434782,,4.029286
2026-03-04 07:00:00+00:00,,,-12.863015515183662,-3.883499,,-1.2842
2026-03-04 08:00:00+00:00,,,-30.076599198498457,29.292942,,-13.802767
2026-03-04 09:00:00+00:00,,,-20.7341845618108,41.40625,,-39.877182
2026-03-04 10:00:00+00:00,,,-29.54420647995607,30.939234,,-57.408226
2026-03-04 11:00:00+00:00,,,-47.71369186801767,18.565405,,-5.131674
2026-03-04 12:00:00+00:00,,,-35.18012422360248,8.540928,,43.37208
2026-03-04 13:00:00+00:00,,,93.56075124568801,5.5737734,,25.202538
2026-03-04 14:00:00+00:00,,,56.87128712871288,1.8633485,,45.773792
2026-03-04 15:00:00+00:00,,,53.913153244130285,-0.6097555,,36.976933
2026-03-04 16:00:00+00:00,,,82.93283031247437,-4.2944727,,12.466204
2026-03-04 17:00:00+00:00,,,16.655458417395195,-10.25641,,7.257974
2026-03-04 18:00:00+00:00,,,-18.02459646425826,-6.7857146,,18.997787
2026-03-04 19:00:00+00:00,,,-22.034692920768872,-5.363983,,25.3955
2026-03-04 20:00:00+00:00,,,-19.30246542393267,-7.2874546,,14.191521
2026-03-04 21:00:00+00:00,,,-6.095380029806252,-6.113535,,-0.24338365
2026-03-04 22:00:00+00:00,,,-11.466433899381057,-5.1162777,,-2.1312177
2026-03-04 23:00:00+00:00,,,-0.8873353051895627,-8.333325,,-1.637572
2026-03-05 00:00:00+00:00,,,-5.932356664858018,0.0,,3.6781907
2026-03-05 01:00:00+00:00,,,-0.7979234762545695,-4.8128424,,3.687811
2026-03-05 02:00:00+00:00,,,-2.994476208934982,-7.303369,,1.9497752
2026-03-05 03:00:00+00:00,,,2.4875124875124888,-5.4545403,,2.1483302
2026-03-05 04:00:00+00:00,,,12.827760990349923,-4.4871864,,0.0
2026-03-05 05:00:00+00:00,,,23.066954643628492,-3.3557057,,-2.103144
2026-03-05 06:00:00+00:00,,,9.764829764829773,-1.3888896,,-3.180629
2026-03-05 07:00:00+00:00,,,-10.827577385520593,-0.7042229,,-1.1525273
2026-03-05 08:00:00+00:00,,,-30.251739223983364,23.404253,,-1.1797309
2026-03-05 09:00:00+00:00,,,-33.100257069408734,24.712646,,-24.862385
2026-03-05 10:00:00+00:00,,,-60.713187826621585,19.815659,,-8.4543705
2026-03-05 11:00:00+00:00,,,-88.302034428795,14.999998,,-13.08288
2026-03-05 12:00:00+00:00,,,-3.0100334448160626,11.371231,,-8.055681
2026-03-05 13:00:00+00:00,,,1186.5517241379312,6.906903,,18.718231
2026-03-05 14:00:00+00:00,,,111.95389975877781,2.2472024,,16.159475
2026-03-05 15:00:00+00:00,,,54.527061203844205,0.2747178,,2.3323536
2026-03-05 16:00:00+00:00,,,34.86088379705401,-3.8356185,,-21.112896
2026-03-05 17:00:00+00:00,,,11.699029126213588,-10.256404,,20.973063
2026-03-05 18:00:00+00:00,,,-9.425249891351594,-7.936507,,24.40245
2026-03-05 19:00:00+00:00,,,-19.288670305283993,-5.172414,,9.824907
2026-03-05 20:00:00+00:00,,,-8.389685665452918,-3.6363661,,10.197079
2026-03-05 21:00:00+00:00,,,-1.6547696301103199,-6.037736,,-7.0354223
2026-03-05 22:00:00+00:00,,,-6.845925437149458,-6.4257026,,-0.72429776
2026-03-05 23:00:00+00:00,,,-16.831946166105894,-5.150211,,-3.578812
2026-03-06 00:00:00+00:00,,,2.395400830405614,-1.357472,,-2.1094084
2026-03-06 01:00:00+00:00,,,0.24953212726137597,-4.5871553,,-8.90317
2026-03-06 02:00:00+00:00,,,4.397427919518759,-3.8461506,,-5.4471493
2026-03-06 03:00:00+00:00,,,5.136101728591291,-3.000003,,-1.9766867
2026-03-06 04:00:00+00:00,,,3.4961731078144265,-5.1546392,,-5.818796
2026-03-06 05:00:00+00:00,,,21.190541404181506,-5.9782624,,-9.316087
2026-03-06 06:00:00+00:00,,,16.995630555974085,-4.0462375,,-30.986183
2026-03-06 07:00:00+00:00,,,-12.710882163554416,1.2048125,,-9.219212
2026-03-06 08:00:00+00:00,,,-16.944526408970194,14.285719,,23.15756
2026-03-06 09:00:00+00:00,,,-17.488231636912687,24.479162,,-26.527357
2026-03-06 10:00:00+00:00,,,-21.4854682454252,22.175741,,-43.751133
2026-03-06 11:00:00+00:00,,,-19.084178777077042,12.328756,,22.36867
2026-03-06 12:00:00+00:00,,,-11.741782446628257,2.439022,,-7.926613
2026-03-06 13:00:00+00:00,,,42.36897677097331,3.5714269,,98.15476
2026-03-06 14:00:00+00:00,,,32.659115426105714,0.2873659,,-9.207696
2026-03-06 15:00:00+00:00,,,22.931490140272427,-0.57306886,,-11.151403
2026-03-06 16:00:00+00:00,,,31.883578634033416,-3.4582138,,-4.997051
2026-03-06 17:00:00+00:00,,,22.382445141065823,-10.447759,,-28.480465
2026-03-06 18:00:00+00:00,,,-10.876024590163935,-7.999998,,-29.167086
2026-03-06 19:00:00+00:00,,,-30.99384951428408,-0.7246375,,15.370464
2026-03-06 20:00:00+00:00,,,5.9808413161182905,-2.5547385,,18.71506
2026-03-06 21:00:00+00:00,,,-7.262438104220714,-4.4943867,,120.710754
2026-03-06 22:00:00+00:00,,,-3.559623696923464,-10.196077,,14.75979
2026-03-06 23:00:00+00:00,,,4.200720625714016,-9.606981,,-20.676208
2026-03-07 00:00:00+00:00,,,-3.6096820443619726,-3.8647413,,3.226626
2026-03-07 01:00:00+00:00,,,-4.926065272552282,-4.5226097,,-1.7242551
2026-03-07 02:00:00+00:00,,,-3.0646051905024785,-7.3684216,,8.285105
2026-03-07 03:00:00+00:00,,,-0.5411563657077734,-6.25,,2.6442766
2026-03-07 04:00:00+00:00,,,4.161893852615495,-6.060606,,3.3812404
2026-03-07 05:00:00+00:00,,,4.664589442815248,-4.5161304,,1.2654662
2026-03-07 06:00:00+00:00,,,3.8700639173452345,-1.3513505,,-2.013749
2026-03-07 07:00:00+00:00,,,-8.067099384641319,0.6849289,,-10.679138
2026-03-07 08:00:00+00:00,,,-4.4746011369888095,14.965987,,5.562043
2026-03-07 09:00:00+00:00,,,-26.23344211940872,15.976334,,-15.116501
2026-03-07 10:00:00+00:00,,,-55.36759921925829,17.857147,,-8.200187
2026-03-07 11:00:00+00:00,,,-54.46064139941691,12.987018,,13.468754
2026-03-07 12:00:00+00:00,,,-89.11651728553137,-4.597706,,11.70479
2026-03-07 13:00:00+00:00,,,1000.5882352941177,8.032131,,41.338085
2026-03-07 14:00:00+00:00,,,271.2453233564938,4.8327208,,-13.052196
2026-03-07 15:00:00+00:00,,,47.725309530665136,2.4822712,,17.22715
2026-03-07 16:00:00+00:00,,,7.923204366046188,-4.1522446,,1.4643073
2026-03-07 17:00:00+00:00,,,44.48257178977786,-7.9422417,,-13.408071
2026-03-07 18:00:00+00:00,,,3.7812500000000027,-10.588241,,21.177483
2026-03-07 19:00:00+00:00,,,-12.953929539295405,-5.7017508,,2.194798
2026-03-07 20:00:00+00:00,,,-14.36280614362806,-4.651165,,-1.3024092
2026-03-07 21:00:00+00:00,,,0.17773469058006697,-5.3658543,,-5.098838
2026-03-07 22:00:00+00:00,,,-3.3870967741935543,-5.1546392,,-2.079153
2026-03-07 23:00:00+00:00,,,6.32721202003339,-5.434781,,-4.130107
2026-03-08 00:00:00+00:00,,,-3.8467577327680913,0.0,,-4.7187686
2026-03-08 01:00:00+00:00,,,-1.9758327890267768,-8.045978,,-8.236319
2026-03-08 02:00:00+00:00,,,-2.1905713809761695,-6.8750024,,0.0
2026-03-08 03:00:00+00:00,,,-1.2177467427403665,-6.7114115,,3.818965
2026-03-08 04:00:00+00:00,,,0.603448275862073,-7.194245,,5.277014
2026-03-08 05:00:00+00:00,,,3.7960582690659717,-8.52713,,1.1249065
2026-03-08 06:00:00+00:00,,,-6.546685379344497,12.711859,,-4.875493
2026-03-08 07:00:00+00:00,,,0.45936395759715865,0.75187683,,-24.522703
2026-03-08 08:00:00+00:00,,,-7.5888146324305294,7.4626923,,-6.200838
2026-03-08 09:00:00+00:00,,,-28.63260062803311,13.194442,,-5.157381
2026-03-08 10:00:00+00:00,,,-71.12,22.085894,,-30.761814
2026-03-08 11:00:00+00:00,,,-52.862419205909504,23.115576,,-18.720633
2026-03-08 12:00:00+00:00,,,-99.80411361410381,-3.2653034,,-17.239422
2026-03-08 13:00:00+00:00,,,32800.0,11.814344,,-4.8685074
2026-03-08 14:00:00+00:00,,,686.9300911854103,6.415093,,19.85258
2026-03-08 15:00:00+00:00,,,79.45152568559288,2.8368711,,5.42953
2026-03-08 16:00:00+00:00,,,70.79207920792076,-2.0689666,,29.010069
2026-03-08 17:00:00+00:00,,,16.717076244486464,-8.802819,,30.567276
2026-03-08 18:00:00+00:00,,,-16.8331263834152,-11.969113,,1.8128395
2026-03-08 19:00:00+00:00,,,-8.146705615060057,-7.4561357,,-16.263718
2026-03-08 20:00:00+00:00,,,-9.151943462897517,-9.004736,,-11.386519
2026-03-08 21:00:00+00:00,,,-3.6483858420848003,-2.6041687,,-47.295372
2026-03-08 22:00:00+00:00,,,-3.479735184886168,-4.278082,,-31.499577
2026-03-08 23:00:00+00:00,,,-3.7473860309493956,-5.5865946,,-2.4900198
2026-03-09 00:00:00+00:00,,,-4.440775180325018,-7.6923013,,37.08794
2026-03-09 01:00:00+00:00,,,-2.7646416878864932,-10.89744,,46.519245
2026-03-09 02:00:00+00:00,,,-1.5712682379349086,-5.7553887,,24.034727
2026-03-09 03:00:00+00:00,,,4.057392626377809,0.7633567,,15.1086445
2026-03-09 04:00:00+00:00,,,18.14446169299606,3.7878752,,25.726402
2026-03-09 05:00:00+00:00,,,18.874632864430364,2.1897793,,2.553594
2026-03-09 06:00:00+00:00,,,24.505851755526663,-1.4285684,,-7.603031
2026-03-09 07:00:00+00:00,,,-6.1152018382161,9.420288,,61.46486
2026-03-09 08:00:00+00:00,,,-24.068305706975202,27.152325,,0.6775856
2026-03-09 09:00:00+00:00,,,-17.178228701194044,26.041662,,-45.416866
2026-03-09 10:00:00+00:00,,,-18.052361577923225,19.83471,,0.74768066
2026-03-09 11:00:00+00:00,,,-14.430652995143012,11.724138,,37.6459
2026-03-09 12:00:00+00:00,,,-3.632694248234103,8.333325,,-7.290119
2026-03-09 13:00:00+00:00,,,9.096858638743432,2.5641084,,16.17241
2026-03-09 14:00:00+00:00,,,30.341931613677264,0.83333254,,0.6705761
2026-03-09 15:00:00+00:00,,,21.603460972017686,-0.82644224,,-6.519562
2026-03-09 16:00:00+00:00,,,32.09446673226854,-4.444438,,7.3287725
2026-03-09 17:00:00+00:00,,,30.67445991633717,-8.139539,-100.0,-66.51587
2026-03-09 18:00:00+00:00,,,-2.8766883002981913,-15.506327,,46.025776
2026-03-09 19:00:00+00:00,,,-20.096622719884415,-1.1236012,,47.2741
2026-03-09 20:00:00+00:00,,,-14.234050969090806,-0.37878752,,71.49858
2026-03-09 21:00:00+00:00,,,-4.954539465015162,-7.604563,,-6.278157
2026-03-09 22:00:00+00:00,,,-7.05670317482322,-6.584358,,21.958374
2026-03-09 23:00:00+00:00,,,4.594272076372308,-7.048458,,5.711925
2026-03-10 00:00:00+00:00,,,-6.4888762122076615,-4.2654037,,-18.139011
2026-03-10 01:00:00+00:00,,,-2.851913985054122,-2.4752498,,-24.747198
2026-03-10 02:00:00+00:00,,,-3.3124018838304514,-5.0761404,,53.177715
2026-03-10 03:00:00+00:00,,,0.7874654976457229,2.6737928,,25.848473
2026-03-10 04:00:00+00:00,,,9.311316955296011,-5.729169,,-12.744355
2026-03-10 05:00:00+00:00,,,13.285682705769663,-4.9723744,,-11.137449
2026-03-10 06:00:00+00:00,,,14.38792767009236,8.720934,,15.4070015
2026-03-10 07:00:00+00:00,,,2.7066985101785512,4.8128366,,30.384052
2026-03-10 08:00:00+00:00,,,-9.932454877643671,10.714293,0.0,-6.374848
2026-03-10 09:00:00+00:00,,,-2.643225965084839,5.529952,1000.0,4.2654753
2026-03-10 10:00:00+00:00,,,-6.427579239803006,3.0567765,-81.818184,-10.464555
2026-03-10 11:00:00+00:00,,,-6.821862348178131,5.084741,-100.0,3.5838485
2026-03-10 12:00:00+00:00,,,-8.059960895068441,-6.0483875,,-0.81508756
2026-03-10 13:00:00+00:00,,,2.0636420919974974,-2.1459222,,2.8184533
2026-03-10 14:00:00+00:00,,,-1.0572619231362879,10.964918,100.0,28.205502
2026-03-10 15:00:00+00:00,,,12.385929334685276,2.7668,-50.0,-20.523035
2026-03-10 16:00:00+00:00,,,25.775556943576916,1.1538386,-100.0,-19.294363
2026-03-10 17:00:00+00:00,,,1.931247585940521,-16.34981,,13.816368
2026-03-10 18:00:00+00:00,,,6.977751312726688,-2.272725,-100.0,-2.404952
2026-03-10 19:00:00+00:00,,,-21.384475255540934,-5.1162777,,15.136898
2026-03-10 20:00:00+00:00,,,-9.44902162718847,-0.9803891,,23.865282
2026-03-10 21:00:00+00:00,,,-11.529712823429072,-6.435651,,-14.17644
2026-03-10 22:00:00+00:00,,,-22.06331351438213,-4.7619047,,2.3258924
2026-03-10 23:00:00+00:00,,,-34.08247422680412,-1.6666651,-75.0,3.5664797
2026-03-11 00:00:00+00:00,,,-4.942133249921799,-2.2598982,-100.0,-8.244806
2026-03-11 01:00:00+00:00,,,-13.540638367884183,2.8901696,,30.568909
2026-03-11 02:00:00+00:00,,,-9.724072312083731,2.808988,,-0.27546287
2026-03-11 03:00:00+00:00,,,-12.98482293423271,1.6393542,,10.061705
2026-03-11 04:00:00+00:00,,,16.279069767441868,0.5376339,,7.0277452
2026-03-11 05:00:00+00:00,,,35.50000000000002,0.53474903,,2.2210598
2026-03-11 06:00:00+00:00,,,15.175276752767509,4.2553306,0.0,3.8504958
2026-03-11 07:00:00+00:00,,,-0.16019223067680333,0.0,300.0,3.7979126
2026-03-11 08:00:00+00:00,,,-15.817622676828458,0.51020384,25.0,8.405614
2026-03-11 09:00:00+00:00,,,-44.42503176620076,0.5076051,39.999996,3.01677
2026-03-11 10:00:00+00:00,,,-33.4095455844527,-0.5050421,42.857147,6.8578243
2026-03-11 11:00:00+00:00,,,-24.291845493562235,1.5228391,-30.000002,-5.49199
2026-03-11 12:00:00+00:00,,,46.1451247165533,3.9999962,-57.142853,-19.511497
2026-03-11 13:00:00+00:00,,,68.92940263770362,3.3653855,-66.66667,-11.06702
2026-03-11 14:00:00+00:00,,,59.63260619977038,9.30233,0.0,1.1247754
2026-03-11 15:00:00+00:00,,,34.105293440736496,-3.8297832,0.0,-18.522936
2026-03-11 16:00:00+00:00,,,30.215595838249488,-7.079649,-100.0,-5.034322
2026-03-11 17:00:00+00:00,,,21.39209225700165,-6.1904726,,-26.084143
2026-03-11 18:00:00+00:00,,,7.036710320960848,-8.629447,,-10.564155
2026-03-11 19:00:00+00:00,,,-14.948649676683157,-9.999996,,-11.4338455
2026-03-11 20:00:00+00:00,,,-14.110017889087656,-7.4074087,,39.0103
2026-03-11 21:00:00+00:00,,,-1.4405970667361045,-6.0,,6.507337
2026-03-11 22:00:00+00:00,,,-10.240380382143165,-4.2553244,,1.3652921
2026-03-11 23:00:00+00:00,,,-5.140278595252101,-4.4444504,,-2.7348042
2026-03-12 00:00:00+00:00,,,-4.808686659772499,-6.976742,,4.012394
2026-03-12 01:00:00+00:00,,,-5.355784899511129,-5.000001,,-0.8430958
2026-03-12 02:00:00+00:00,,,-3.9944903581267233,3.5087824,,1.884532
2026-03-12 03:00:00+00:00,,,2.175992348158773,-10.169488,,0.4881978
2026-03-12 04:00:00+00:00,,,9.33770184881817,-8.490568,,7.8961253
2026-03-12 05:00:00+00:00,,,29.601883561643838,-2.0618558,,13.132381
2026-03-12 06:00:00+00:00,,,6.234516928158551,5.2631617,,-0.3257811
2026-03-12 07:00:00+00:00,,,-19.455888068402636,4.999995,,0.846231
2026-03-12 08:00:00+00:00,,,-29.666087627871075,22.857141,,1.7719746
2026-03-12 09:00:00+00:00,,,-67.72777167947311,21.705425,,16.306961
2026-03-12 10:00:00+00:00,,,-95.87585034013605,21.019114,,41.40061
2026-03-12 11:00:00+00:00,,,-78.35051546391753,8.947372,,9.108424
2026-03-12 12:00:00+00:00,,,390.4761904761905,9.178745,,2.699256
2026-03-12 13:00:00+00:00,,,124.27184466019416,0.0,,-15.622282
2026-03-12 14:00:00+00:00,,,137.22943722943722,3.5398245,,16.895092
2026-03-12 15:00:00+00:00,,,681.3868613138686,0.42735338,,-16.768152
2026-03-12 16:00:00+00:00,,,105.20784680056047,1.2765884,,-8.867598
2026-03-12 17:00:00+00:00,,,24.34277910549676,-6.3025236,,-0.8630395
2026-03-12 18:00:00+00:00,,,2.489474647629497,-8.071745,,0.13797283
2026-03-12 19:00:00+00:00,,,-19.07483479192713,-4.87805,,5.634129
2026-03-12 20:00:00+00:00,,,-21.60670933568748,-3.5897493,,6.424439
2026-03-12 21:00:00+00:00,,,-11.148648648648663,-1.5957415,,2.7089596
2026-03-12 22:00:00+00:00,,,-63.16539923954372,0.5405426,,2.161038
2026-03-12 23:00:00+00:00,,,-55.225806451612904,-1.0752738,,1.3206124
2026-03-13 00:00:00+00:00,,,-24.591738712776177,1.6304374,,-1.1707842
2026-03-13 01:00:00+00:00,,,-25.222929936305725,-1.0695219,,0.41155815
2026-03-13 02:00:00+00:00,,,-38.84156729131176,2.1621585,,1.3063908
2026-03-13 03:00:00+00:00,,,22.562674094707535,2.116406,,3.3097029
2026-03-13 04:00:00+00:00,,,19.318181818181813,1.0362744,,1.0415435
2026-03-13 05:00:00+00:00,,,242.0952380952381,1.025641,,3.3849478
2026-03-13 06:00:00+00:00,,,86.46993318485524,-4.060918,,-5.6518197
2026-03-13 07:00:00+00:00,,,15.795759928336818,4.232812,,1.5284181
2026-03-13 08:00:00+00:00,,,-22.20216606498194,7.106602,100.0,3.1357527
2026-03-13 09:00:00+00:00,,,-8.617832283725557,1.4217973,200.0,-4.6691236
2026-03-13 10:00:00+00:00,,,70.620239390642,-13.084107,400.0,-15.586251
2026-03-13 11:00:00+00:00,,,18.92006802721089,-15.591401,-66.666664,-15.0421915
2026-03-13 12:00:00+00:00,,,-76.22452627815517,-10.828024,-10.000002,-8.597862
2026-03-13 13:00:00+00:00,,,43.7593984962406,-8.571428,44.444443,-18.022675
2026-03-13 14:00:00+00:00,,,168.35774058577405,2.34375,-38.461536,1.5615702
2026-03-13 15:00:00+00:00,,,70.02533619177547,0.0,-37.5,-1.2957454
2026-03-13 16:00:00+00:00,,,40.94452086198992,-3.8167953,-60.000004,-12.019211
2026-03-13 17:00:00+00:00,,,15.061808718282377,-5.555564,0.0,0.5045295
2026-03-13 18:00:00+00:00,,,15.443878993497329,-5.0420103,150.0,3.8081408
2026-03-13 19:00:00+00:00,,,-15.251331659829804,-1.7699122,39.999996,-11.013013
2026-03-13 20:00:00+00:00,,,-13.365120647305295,-4.504502,-57.142853,-7.5992527
2026-03-13 21:00:00+00:00,,,0.10006671114075605,-6.6037836,-66.66667,-0.9639859
2026-03-13 22:00:00+00:00,,,-3.4321892702432577,-2.020198,0.0,-1.3966143
2026-03-13 23:00:00+00:00,,,1.6908212560386326,-3.0927837,0.0,-7.3091626
2026-03-14 00:00:00+00:00,,,-2.4261961316593195,-5.319148,100.0,1.7154574
2026-03-14 01:00:00+00:00,,,-6.016344983481137,-1.1235893,0.0,-19.189083
2026-03-14 02:00:00+00:00,,,-8.408880666049946,2.272725,100.0,-24.392437
2026-03-14 03:00:00+00:00,,,2.2421977578022334,1.111114,50.0,8.67362
2026-03-14 04:00:00+00:00,,,7.0433665909315435,-16.48352,183.33333,44.900536
2026-03-14 05:00:00+00:00,,,2.473237356958302,-30.263155,-11.764711,11.39462
2026-03-14 06:00:00+00:00,,,7.087536023054741,-1.886797,-19.999998,-7.3748884
2026-03-14 07:00:00+00:00,,,13.632158775544534,15.384615,-25.000006,2.03619
2026-03-14 08:00:00+00:00,,,-8.843990526939017,16.666662,-44.444443,6.335366
2026-03-14 09:00:00+00:00,,,-9.702037833888122,15.714288,-39.999996,-1.5259147
2026-03-14 10:00:00+00:00,,,-9.24294191692142,34.567894,-100.0,-7.8778744
2026-03-14 11:00:00+00:00,,,4.269863285119868,24.770653,,37.97648
2026-03-14 12:00:00+00:00,,,-7.448931116389557,-19.852947,0.0,-10.536498
2026-03-14 13:00:00+00:00,,,3.0900318242480296,34.86239,200.0,16.667212
2026-03-14 14:00:00+00:00,,,2.28042222664806,12.244904,33.333324,-6.4893484
2026-03-14 15:00:00+00:00,,,9.706941875182572,-34.545452,250.0,11.258864
2026-03-14 16:00:00+00:00,,,15.814696485622992,15.74074,-85.71429,-23.321629
2026-03-14 17:00:00+00:00,,,23.448275862068968,-6.400001,-100.0,-15.473241
2026-03-14 18:00:00+00:00,,,5.418994413407829,-13.675207,,-1.1321247
2026-03-14 19:00:00+00:00,,,-11.523287993876242,-12.871289,,-18.46012
2026-03-14 20:00:00+00:00,,,-8.525222946892052,-7.954544,,-8.818382
2026-03-14 21:00:00+00:00,,,-1.6078574026918702,-14.814817,,2.9090881
2026-03-14 22:00:00+00:00,,,-5.323868677905952,-13.043481,,2.5574565
2026-03-14 23:00:00+00:00,,,8.950328022492982,-13.333339,,7.6268673
2026-03-15 00:00:00+00:00,,,-2.5232974910394335,3.8461566,,7.120037
2026-03-15 01:00:00+00:00,,,-8.052654802176784,-9.25926,,-17.445791
2026-03-15 02:00:00+00:00,,,-5.422698552347438,-12.244898,,-5.411381
2026-03-15 03:00:00+00:00,,,-1.463002114164913,-13.953489,,-2.2955835
2026-03-15 04:00:00+00:00,,,3.1840027463096554,-16.216219,,-1.4611125
2026-03-15 05:00:00+00:00,,,-1.9878566081676818,-22.58064,,-12.054342
2026-03-15 06:00:00+00:00,,,-5.99117447386287,-37.5,,22.955381
2026-03-15 07:00:00+00:00,,,-6.842390323163028,66.666664,,22.575855
2026-03-15 08:00:00+00:00,,,-23.032945736434108,159.99998,,-11.315709
2026-03-15 09:00:00+00:00,,,-19.627344831927484,72.30769,,-18.0933
2026-03-15 10:00:00+00:00,,,-17.559523809523814,33.928574,,23.003315
2026-03-15 11:00:00+00:00,,,-24.56773703211096,14.6666765,,18.221546
2026-03-15 12:00:00+00:00,,,-33.37531486146096,12.209296,,26.588118
2026-03-15 13:00:00+00:00,,,-1.2476370510396961,4.145086,,-2.1364272
2026-03-15 14:00:00+00:00,,,69.79326186830015,4.477608,,10.6345415
2026-03-15 15:00:00+00:00,,,42.683201803833136,0.0,,18.63736
2026-03-15 16:00:00+00:00,,,58.91276864728192,-2.8571427,,3.8875937
2026-03-15 17:00:00+00:00,,,30.519093078758953,-8.333325,,-1.8192112
2026-03-15 18:00:00+00:00,,,-1.8819047619047624,-14.438504,,15.105128
2026-03-15 19:00:00+00:00,,,-24.048765336232336,-4.374999,,12.347579
2026-03-15 20:00:00+00:00,,,-17.298844698906045,3.2679796,,16.873682
2026-03-15 21:00:00+00:00,,,-4.710100135987149,-3.7974715,,11.57943
2026-03-15 22:00:00+00:00,,,-25.46704722366372,-1.3157904,-60.000004,5.6016207
2026-03-15 23:00:00+00:00,,,-43.864229765013064,-0.666672,-50.0,0.5348444
2026-03-16 00:00:00+00:00,,,-27.13178294573644,-4.026842,300.0,-16.142529
2026-03-16 01:00:00+00:00,,,-29.234042553191497,-6.293708,100.0,-9.280032
2026-03-16 02:00:00+00:00,,,-20.625375826819003,0.746274,-100.0,-10.341406
2026-03-16 03:00:00+00:00,,,30.98484848484848,-6.666666,,3.4546018
2026-03-16 04:00:00+00:00,,,142.74146905725854,-6.349206,,-3.7441432
2026-03-16 05:00:00+00:00,,,75.12508934953539,-3.3898354,,-5.5891633
2026-03-16 06:00:00+00:00,,,34.46258503401361,-7.8947363,,0.7039666
2026-03-16 07:00:00+00:00,,,-2.509359506222808,9.523809,,-9.80736
2026-03-16 08:00:00+00:00,,,-24.35910742086145,14.782608,-100.0,7.1803093
2026-03-16 09:00:00+00:00,,,-41.82217343578485,15.9091,,2.1998048
2026-03-16 10:00:00+00:00,,,-59.08018867924527,10.457516,,-3.8060606
2026-03-16 11:00:00+00:00,,,-20.69164265129684,12.426043,,-2.1065772
2026-03-16 12:00:00+00:00,,,12.572674418604656,4.7368407,,2.9820204
2026-03-16 13:00:00+00:00,,,134.15106520335704,2.5125623,,0.905323
2026-03-16 14:00:00+00:00,,,54.31486076647365,5.392158,0.0,4.623914
2026-03-16 15:00:00+00:00,,,68.53671609790959,2.3255825,-100.0,-5.1999035
2026-03-16 16:00:00+00:00,,,38.89536732746741,-1.8181801,,-15.466583
2026-03-16 17:00:00+00:00,,,26.560830407571355,-9.722221,,3.851521
2026-03-16 18:00:00+00:00,,,8.509226872512365,-8.205128,,-24.177147
2026-03-16 19:00:00+00:00,,,-13.938753959873296,-7.2625637,-100.0,-3.348887
2026-03-16 20:00:00+00:00,,,-18.734258960284144,-3.0120492,,3.4356833
2026-03-16 21:00:00+00:00,,,-2.9958677685950508,1.2422323,,2.9541016
2026-03-16 22:00:00+00:00,,,-18.84164823461948,-3.0674815,,1.2857556
2026-03-16 23:00:00+00:00,,,13.606540829716373,0.0,,0.76431036
2026-03-17 00:00:00+00:00,,,-7.854286983562863,8.860767,,8.513141
2026-03-17 01:00:00+00:00,,,-0.23141452126120843,0.5813837,,1.4255524
2026-03-17 02:00:00+00:00,,,-2.6674398376341,0.5780339,,-2.0510614
2026-03-17 03:00:00+00:00,,,5.193128785622081,-5.7471275,,-5.5776415
2026-03-17 04:00:00+00:00,,,7.18331130828771,-3.658533,,-1.2563407
2026-03-17 05:00:00+00:00,,,21.47071774548659,6.3291073,,-3.9708197
2026-03-17 06:00:00+00:00,,,18.900891756688164,5.952382,,-1.4819741
2026-03-17 07:00:00+00:00,,,-8.231707317073166,2.808988,,-5.0123034
2026-03-17 08:00:00+00:00,,,-21.541528239202655,6.557381,,-16.19339
2026-03-17 09:00:00+00:00,,,-21.14668021680217,12.8205185,,19.078577
2026-03-17 10:00:00+00:00,,,-15.862957791859088,15.454542,,60.174072
2026-03-17 11:00:00+00:00,,,-10.04595353586929,7.0866227,,-5.126488
2026-03-17 12:00:00+00:00,,,1.1210444160635769,2.573526,,-10.10055
2026-03-17 13:00:00+00:00,,,3.143418467583481,3.9426565,,-8.725244
2026-03-17 14:00:00+00:00,,,12.734693877551017,2.7586222,,-3.5714865
2026-03-17 15:00:00+00:00,,,21.687183200579298,1.6778469,,-9.332085
2026-03-17 16:00:00+00:00,,,35.96151938907073,-0.33003092,,-23.2974
2026-03-17 17:00:00+00:00,,,42.60704646582536,-5.960268,,-35.52598
2026-03-17 18:00:00+00:00,,,-14.12787723785166,-10.915494,,-6.2703314
2026-03-17 19:00:00+00:00,,,-16.678579938050987,-5.1383376,,42.68155
2026-03-17 20:00:00+00:00,,,-17.572204746925934,-7.499999,,29.044628
2026-03-17 21:00:00+00:00,,,-10.208152645273195,-5.405408,,13.892913
2026-03-17 22:00:00+00:00,,,-12.662996232975953,-3.333336,,5.7844043
2026-03-17 23:00:00+00:00,,,-2.676399026763987,-5.4187117,,8.089745
2026-03-18 00:00:00+00:00,,,-5.761363636363626,-6.7708373,,4.6277285
2026-03-18 01:00:00+00:00,,,2.7734233691064647,-3.3519566,,-5.881053
2026-03-18 02:00:00+00:00,,,-1.3258242402909848,-4.6242714,,-3.1725645
2026-03-18 03:00:00+00:00,,,3.9001189060642094,-3.6363661,,-3.2287776
2026-03-18 04:00:00+00:00,,,8.800640878919651,-5.0314426,,-3.4387052
2026-03-18 05:00:00+00:00,,,20.132533922372996,-5.2980127,,-3.51035
2026-03-18 06:00:00+00:00,,,13.194991681989322,-6.293708,,4.767239
2026-03-18 07:00:00+00:00,,,-27.359220297029708,11.194027,,-3.009826
2026-03-18 08:00:00+00:00,,,-44.08476200617613,22.818792,,-19.03091
2026-03-18 09:00:00+00:00,,,-82.5176156922491,15.300549,,42.82557
2026-03-18 10:00:00+00:00,,,-107.18954248366013,9.004736,,2.6577115
2026-03-18 11:00:00+00:00,,,96.96969696969697,9.130442,,5.0245047
2026-03-18 12:00:00+00:00,,,-8.461538461538465,9.163343,,-6.38482
2026-03-18 13:00:00+00:00,,,-249.57983193277312,2.9197097,,7.7922344
2026-03-18 14:00:00+00:00,,,1865.730337078652,0.7092118,,3.6997676
2026-03-18 15:00:00+00:00,,,146.95627322092025,-0.7042229,,12.264442
2026-03-18 16:00:00+00:00,,,52.14674227519964,-3.9007127,,1.9803882
2026-03-18 17:00:00+00:00,,,28.44755457518826,-8.856088,,-4.6278896
2026-03-18 18:00:00+00:00,,,-5.459821164209155,-6.882596,,-0.85627437
2026-03-18 19:00:00+00:00,,,-23.150642029439407,-7.3913097,,2.0246148
2026-03-18 20:00:00+00:00,,,-10.595810579509335,-4.6948376,,-3.376776
2026-03-18 21:00:00+00:00,,,-1.4586562129638048,-7.8817663,,-19.282972
2026-03-18 22:00:00+00:00,,,-7.623276898880571,-9.625673,,-11.322678
2026-03-18 23:00:00+00:00,,,1.732598898347515,-7.6923013,,-4.2548237
2026-03-19 00:00:00+00:00,,,2.717070289427048,-7.051283,,9.640371
2026-03-19 01:00:00+00:00,,,0.4887866589994072,-6.206894,,-2.7763307
2026-03-19 02:00:00+00:00,,,0.8583690987124415,-8.088237,,-2.7995944
2026-03-19 03:00:00+00:00,,,6.609929078014187,-7.199997,,-2.4626791
2026-03-19 04:00:00+00:00,,,8.497427709774708,-6.8965554,,-1.3402998
2026-03-19 05:00:00+00:00,,,17.732177894048395,-5.555558,,-2.0096242
2026-03-19 06:00:00+00:00,,,15.235053121311015,-10.78431,,-8.78681
2026-03-19 07:00:00+00:00,,,-17.143717987345585,13.186812,,0.5239248
2026-03-19 08:00:00+00:00,,,-41.03272727272728,36.8932,,-31.741507
2026-03-19 09:00:00+00:00,,,-42.48889985199802,31.205666,,-8.276373
2026-03-19 10:00:00+00:00,,,-87.0898563156766,22.702705,,13.00503
2026-03-19 11:00:00+00:00,,,-93.52159468438538,16.299557,,8.733976
2026-03-19 12:00:00+00:00,,,753.8461538461538,12.878788,,49.27715
2026-03-19 13:00:00+00:00,,,944.4444444444445,3.3557057,,4.9156785
2026-03-19 14:00:00+00:00,,,86.3139735480161,0.97403526,,-0.1725614
2026-03-19 15:00:00+00:00,,,48.456790123456805,-0.64308643,,1.1643648
2026-03-19 16:00:00+00:00,,,27.817047817047815,-3.236246,,-14.466411
2026-03-19 17:00:00+00:00,,,51.146714378659716,-8.695656,,-15.154737
2026-03-19 18:00:00+00:00,,,-11.536185095507124,-11.721605,,6.4117312
2026-03-19 19:00:00+00:00,,,-13.210875250897146,-7.8838167,,22.376537
2026-03-19 20:00:00+00:00,,,-9.797463031747133,-6.3063145,,-4.7732058
2026-03-19 21:00:00+00:00,,,-9.004739336492895,-6.7307653,,-10.974741
2026-03-19 22:00:00+00:00,,,-3.466530054644812,-8.762878,,-11.706251
2026-03-19 23:00:00+00:00,,,7.27047585352909,-7.9096136,,-10.970813
2026-03-20 00:00:00+00:00,,,-3.3311345646438006,-3.0674815,,11.178482
2026-03-20 01:00:00+00:00,,,-3.5482770385533935,-9.493673,,4.2848706
2026-03-20 02:00:00+00:00,,,3.899893880438632,-10.4895115,,-3.1219065
2026-03-20 03:00:00+00:00,,,-5.387692569580393,-9.375,,-3.2761216
2026-03-20 04:00:00+00:00,,,15.815041381792017,-8.620691,,3.81608
2026-03-20 05:00:00+00:00,,,25.58645331676246,-6.6037836,,-11.659039
2026-03-20 06:00:00+00:00,,,11.949529935675397,-6.0606003,,5.4649353
2026-03-20 07:00:00+00:00,,,-17.093922651933703,12.903225,,7.0551634
2026-03-20 08:00:00+00:00,,,-22.717579634812747,21.904766,,-24.196875
2026-03-20 09:00:00+00:00,,,-31.861688367681296,8.59375,,4.0652514
2026-03-20 10:00:00+00:00,,,-27.14502657555049,28.77698,,-5.3469477
2026-03-20 11:00:00+00:00,,,-16.154247003647725,21.787703,,10.128344
2026-03-20 12:00:00+00:00,,,-1.8437953180029054,20.642197,,23.45599
2026-03-20 13:00:00+00:00,,,32.79864921907978,4.1825056,,17.327356
2026-03-20 14:00:00+00:00,,,33.5346471710108,-0.72992444,,3.0222654
2026-03-20 15:00:00+00:00,,,26.565103546774594,-0.7352948,,-5.520594
2026-03-20 16:00:00+00:00,,,29.621967274779017,-0.37037134,,-9.746349
2026-03-20 17:00:00+00:00,,,24.564712710388847,-5.9479594,,-7.6775846
2026-03-20 18:00:00+00:00,,,9.516598718695413,-11.46245,,43.35164
2026-03-20 19:00:00+00:00,,,-17.79940438204637,-9.821421,,3.5051823
2026-03-20 20:00:00+00:00,,,-10.72006210778288,-9.900988,,2.281654
2026-03-20 21:00:00+00:00,,,-5.782608695652169,-9.340662,,-7.749653
2026-03-20 22:00:00+00:00,,,-2.83033379480081,-10.303026,,-8.289784
2026-03-20 23:00:00+00:00,,,-6.490422668988449,-8.783788,,2.5935173
2026-03-21 00:00:00+00:00,,,-2.928728627052646,-6.666666,,2.652812
2026-03-21 01:00:00+00:00,,,-2.2584583188001384,-11.904764,,-10.039318
2026-03-21 02:00:00+00:00,,,-1.2400749397805333,-11.711711,,-2.739203
2026-03-21 03:00:00+00:00,,,-1.0749774164408255,-10.2040825,,1.7498612
2026-03-21 04:00:00+00:00,,,1.2327641311295823,-11.363638,,1.5021324
2026-03-21 05:00:00+00:00,,,9.200793793974382,-11.538464,,1.0543108
2026-03-21 06:00:00+00:00,,,4.848835288286812,-17.391306,,-0.10931492
2026-03-21 07:00:00+00:00,,,-16.35547151973529,19.298256,,-14.628326
2026-03-21 08:00:00+00:00,,,-25.71347838372421,41.176476,,4.864168
2026-03-21 09:00:00+00:00,,,-27.640420945860278,36.458336,,-4.3524623
2026-03-21 10:00:00+00:00,,,-40.87962151743473,30.534351,,-3.135258
2026-03-21 11:00:00+00:00,,,-42.79786603438056,21.052635,,6.050384
2026-03-21 12:00:00+00:00,,,-7.7202072538860245,6.7632794,,15.129137
2026-03-21 13:00:00+00:00,,,148.1190342504211,9.95475,,5.270374
2026-03-21 14:00:00+00:00,,,43.44874405974204,5.349803,,7.1916223
2026-03-21 15:00:00+00:00,,,28.916232844297205,1.5625,,4.1347504
2026-03-21 16:00:00+00:00,,,36.661771904062654,-2.3076952,,4.46229
2026-03-21 17:00:00+00:00,,,45.13789398280801,-6.69291,,-12.616902
2026-03-21 18:00:00+00:00,,,-2.023567154050221,-12.236291,,7.9860926
2026-03-21 19:00:00+00:00,,,-19.891694477677735,-9.615385,,15.680445
2026-03-21 20:00:00+00:00,,,-10.737305455117118,-10.638296,,-0.26795864
2026-03-21 21:00:00+00:00,,,-4.165199013737231,-10.714281,,5.385101
2026-03-21 22:00:00+00:00,,,-10.897730405219153,-11.333334,,-12.436742
2026-03-21 23:00:00+00:00,,,-2.939053315458384,-14.285719,,-22.582644
2026-03-22 00:00:00+00:00,,,-7.437314067148327,-15.789467,,-0.5481601
2026-03-22 01:00:00+00:00,,,-5.6129476584022004,-15.625,,-5.8564544
2026-03-22 02:00:00+00:00,,,-4.463091329198587,-13.580251,,-0.37933588
2026-03-22 03:00:00+00:00,,,3.054989816700604,-11.428576,,-2.9612482
2026-03-22 04:00:00+00:00,,,1.9021739130434812,3.2258153,,-5.5395246
2026-03-22 05:00:00+00:00,,,2.957575757575759,12.5,,6.8688035
2026-03-22 06:00:00+00:00,,,-9.912879679773956,-20.833332,,11.205662
2026-03-22 07:00:00+00:00,,,-49.124411918452694,40.35088,,8.385205
2026-03-22 08:00:00+00:00,,,-82.37862830721808,46.249996,,-27.66875
2026-03-22 09:00:00+00:00,,,-105.24781341107871,37.606846,,-13.353056
2026-03-22 10:00:00+00:00,,,769.4444444444445,24.223602,,5.930686
2026-03-22 11:00:00+00:00,,,-38.65814696485623,16.499996,,11.991083
2026-03-22 12:00:00+00:00,,,254.6875,8.583689,,4.778099
2026-03-22 13:00:00+00:00,,,-88.2525697503671,7.114625,,8.718109
2026-03-22 14:00:00+00:00,,,-1338.75,2.9520273,,0.0
2026-03-22 15:00:00+00:00,,,570.6357214934409,0.35842657,,-2.407807
2026-03-22 16:00:00+00:00,,,71.96810111345174,-1.0714233,,6.4596176
2026-03-22 17:00:00+00:00,,,33.764983813106994,-7.9422417,,-20.683796
2026-03-22 18:00:00+00:00,,,6.227106227106227,-10.588241,,-5.1560698
2026-03-22 19:00:00+00:00,,,-10.603448275862071,-9.210521,,-22.949291
2026-03-22 20:00:00+00:00,,,-10.33888965422236,-2.4154603,,37.381817
2026-03-22 21:00:00+00:00,,,-1.8437427978796883,-11.386145,,-19.632
2026-03-22 22:00:00+00:00,,,-4.4689676762933335,-13.966483,,-5.641353
2026-03-22 23:00:00+00:00,,,-7.72570866786827,-14.285713,,-11.171323
2026-03-23 00:00:00+00:00,,,1.9355411524460742,0.75757504,,6.4400434
2026-03-23 01:00:00+00:00,,,1.201985889730861,-14.285719,,-21.104568
2026-03-23 02:00:00+00:00,,,-4.897151217832862,3.5087824,,69.4978
2026-03-23 03:00:00+00:00,,,2.262443438914019,-7.627124,,-11.06109
2026-03-23 04:00:00+00:00,,,16.23893805309733,-9.174311,,-34.14227
2026-03-23 05:00:00+00:00,,,28.29843928435478,-7.0707083,,37.84803
2026-03-23 06:00:00+00:00,,,8.82387847139805,-18.478256,,-36.117588
2026-03-23 07:00:00+00:00,,,-19.23769016849336,25.333332,,57.221188
2026-03-23 08:00:00+00:00,,,-29.565863209776534,47.87234,,-40.62875
2026-03-23 09:00:00+00:00,,,-34.97891104294478,34.53238,,5.975318
2026-03-23 10:00:00+00:00,,,-40.49830458499189,21.390379,,19.473743
2026-03-23 11:00:00+00:00,,,9.985133795837475,11.894262,,-19.216883
2026-03-23 12:00:00+00:00,,,35.61612975895472,7.0866227,,2.3258924
2026-03-23 13:00:00+00:00,,,24.318936877076403,3.676474,,32.817352
2026-03-23 14:00:00+00:00,,,12.5066809192945,1.0638237,,31.260418
2026-03-23 15:00:00+00:00,,,26.959619952494073,-1.05263,,12.811481
2026-03-23 16:00:00+00:00,,,46.417212347988766,-2.836883,,2.5456667
2026-03-23 17:00:00+00:00,,,33.58037311525683,-5.8394194,,-13.238114
2026-03-23 18:00:00+00:00,,,8.972642050889611,-9.689921,,28.505875
2026-03-23 19:00:00+00:00,,,-15.14220505617978,-7.725316,,-1.9070745
2026-03-23 20:00:00+00:00,,,-16.98562118547636,-16.74419,,-46.64814
2026-03-23 21:00:00+00:00,,,-7.676012461059189,-7.2625637,,-54.962265
2026-03-23 22:00:00+00:00,,,-10.035092455122152,-3.6144614,,206.75723
2026-03-23 23:00:00+00:00,,,-5.963543620133526,0.0,,53.76948
2026-03-24 00:00:00+00:00,,,-12.611678366305046,6.8750024,,8.679509
2026-03-24 01:00:00+00:00,,,-12.551346417161113,-5.8479548,,12.549663
2026-03-24 02:00:00+00:00,,,-6.98329853862213,-6.2111797,,11.692524
2026-03-24 03:00:00+00:00,,,-1.0324318258332466,-4.635769,,0.9704828
2026-03-24 04:00:00+00:00,,,3.9233473182900713,-2.0833254,,7.3250175
2026-03-24 05:00:00+00:00,,,16.53027823240587,-1.4184475,,6.253135
2026-03-24 06:00:00+00:00,,,6.067415730337089,3.5971165,,12.180448
2026-03-24 07:00:00+00:00,,,-13.665254237288138,9.027779,,0.4320264
2026-03-24 08:00:00+00:00,,,-28.210633946830267,11.464966,,-17.707407
2026-03-24 09:00:00+00:00,,,-67.65418031619427,17.142857,,16.945791
2026-03-24 10:00:00+00:00,,,-86.78996036988111,12.195122,,16.338646
2026-03-24 11:00:00+00:00,,,-52.33333333333334,8.69565,,7.6568723
2026-03-24 12:00:00+00:00,,,111.88811188811188,15.199995,,3.4418464
2026-03-24 13:00:00+00:00,,,48.18481848184819,3.8194418,,4.430163
2026-03-24 14:00:00+00:00,,,306.2360801781737,2.675593,,2.4511814
2026-03-24 15:00:00+00:00,,,258.4429824561404,-0.97720027,,0.0
2026-03-24 16:00:00+00:00,,,37.1214438666259,-3.289473,,-6.3828588
2026-03-24 17:00:00+00:00,,,33.20691578360289,-4.4217644,,4.1391253
2026-03-24 18:00:00+00:00,,,14.25221905878411,-2.84698,,0.7626772
2026-03-24 19:00:00+00:00,,,-24.853415420697743,-2.9304028,,11.465656
2026-03-24 20:00:00+00:00,,,-24.89027601677557,-3.396225,,7.2887063
2026-03-24 21:00:00+00:00,,,-10.660953122971051,-3.90625,,2.4858475
2026-03-24 22:00:00+00:00,,,-57.61627906976744,-4.471546,,2.6845813
