timestamp,price_No,price_Yes,Country Hourly - Belgium,BE Temp (C),BE Precipitation (mm),BE Wind Speed (km/h),BEL_returns,BEL_fitted,BEL_idiosyncratic
2026-02-26 12:00:00+00:00,0.7605263157894737,0.2394736842105263,10.58,15.85,0.0,11.144021,,,
2026-02-26 13:00:00+00:00,0.76,0.24,33.6,16.8,0.0,15.077082,217.5803402646503,-227.08742438023066,444.66776464488095
2026-02-26 14:00:00+00:00,0.76,0.24,54.17,16.95,0.0,17.965767,61.22023809523809,-227.08742438023066,288.30766247546876
2026-02-26 15:00:00+00:00,0.76,0.24,71.92,16.75,0.0,18.254698,32.7672143252723,-227.08742438023066,259.85463870550296
2026-02-26 16:00:00+00:00,0.76,0.24,88.44,16.2,0.0,16.388897,22.969966629588434,-227.08742438023066,250.0573910098191
2026-02-26 17:00:00+00:00,0.76,0.24,94.14,14.95,0.0,15.266079,6.445047489823619,-227.08742438023066,233.53247187005428
2026-02-26 18:00:00+00:00,0.76,0.24,102.04,14.0,0.0,13.584932,8.39175695772254,-227.08742438023066,235.4791813379532
2026-02-26 19:00:00+00:00,0.7635964912280702,0.2364035087719298,83.18,13.3,0.0,14.986553,-18.48294786358291,-227.08742438023066,208.60447651664774
2026-02-26 20:00:00+00:00,0.7649999999999999,0.235,76.96,13.1,0.0,17.555307,-7.47775907670114,-227.08742438023066,219.6096653035295
2026-02-26 21:00:00+00:00,0.765,0.235,67.09,12.65,0.0,17.786331,-12.824844074844066,-227.08742438023066,214.2625803053866
2026-02-26 22:00:00+00:00,0.765,0.235,58.57,12.05,0.0,17.49615,-12.699359069906102,-227.08742438023066,214.38806531032455
2026-02-26 23:00:00+00:00,0.7649999999999999,0.235,43.88,11.7,0.0,17.49615,-25.08109953901314,-227.08742438023066,202.00632484121752
2026-02-27 00:00:00+00:00,0.7649999999999999,0.235,44.75,11.45,0.0,16.985933,1.9826800364630692,-227.08742438023066,229.07010441669374
2026-02-27 01:00:00+00:00,0.7649999999999999,0.235,45.88,11.15,0.0,15.631007,2.5251396648044766,-227.08742438023066,229.61256404503513
2026-02-27 02:00:00+00:00,0.7649999999999999,0.235,46.22,10.75,0.0,14.410121,0.7410636442894525,-227.08742438023066,227.8284880245201
2026-02-27 03:00:00+00:00,0.7649999999999999,0.235,47.73,10.4,0.0,13.5515,3.266983989614891,-227.08742438023066,230.35440836984554
2026-02-27 04:00:00+00:00,0.7649999999999999,0.235,52.81,10.1,0.0,14.264361,10.643201340875773,-227.08742438023066,237.73062572110643
2026-02-27 05:00:00+00:00,0.7649999999999999,0.235,64.14,10.05,0.0,15.405519,21.45427002461655,-227.08742438023066,248.54169440484722
2026-02-27 06:00:00+00:00,0.7649999999999999,0.235,74.11,10.35,0.0,15.956163,15.544122232616143,-227.08742438023066,242.6315466128468
2026-02-27 07:00:00+00:00,0.7649999999999999,0.235,65.49,10.5,0.0,16.459913,-11.63135879098638,-227.08742438023066,215.45606558924428
2026-02-27 08:00:00+00:00,0.7649999999999999,0.235,53.28,11.4,0.0,16.986889,-18.644067796610166,-227.08742438023066,208.4433565836205
2026-02-27 09:00:00+00:00,0.7649999999999999,0.235,29.86,12.6,0.0,14.761098,-43.95645645645646,-227.08742438023066,183.1309679237742
2026-02-27 10:00:00+00:00,0.7649999999999999,0.235,9.97,13.7,0.0,17.311846,-66.61085063630274,-227.08742438023066,160.47657374392793
2026-02-27 11:00:00+00:00,0.7649999999999999,0.235,9.09,14.1,0.1,19.41081,-8.82647943831495,-227.08742438023066,218.2609449419157
2026-02-27 12:00:00+00:00,0.7649999999999999,0.235,17.25,14.65,0.0,17.82818,89.76897689768977,-227.08742438023066,316.85640127792044
2026-02-27 13:00:00+00:00,0.7649999999999999,0.235,28.44,14.4,0.8,16.704155,64.86956521739131,-227.08742438023066,291.95698959762194
2026-02-27 14:00:00+00:00,0.7649999999999999,0.235,54.55,14.4,0.0,15.787753,91.80731364275667,-227.08742438023066,318.8947380229873
2026-02-27 15:00:00+00:00,0.765,0.23500000000000001,72.74,14.4,0.0,14.366211,33.34555453712191,-227.08742438023066,260.43297891735256
2026-02-27 16:00:00+00:00,0.7649999999999999,0.235,88.35,13.7,0.4,16.502182,21.459994500962342,-227.08742438023066,248.547418881193
2026-02-27 17:00:00+00:00,0.7649999999999999,0.235,94.55,12.45,0.8,16.886454,7.017543859649122,-227.08742438023066,234.10496823987978
2026-02-27 18:00:00+00:00,0.765,0.23500000000000001,94.65,11.7,0.2,16.09969,0.10576414595453443,-227.08742438023066,227.1931885261852
2026-02-27 19:00:00+00:00,,,79.4,11.85,0.0,17.22742,-16.111991547807712,-227.08742438023066,210.97543283242294
2026-02-27 20:00:00+00:00,0.7649999999999999,0.235,70.14,11.6,0.0,17.727943,-11.662468513853907,-227.08742438023066,215.42495586637676
2026-02-27 21:00:00+00:00,0.7649999999999999,0.235,72.87,11.4,1.0,19.33639,3.8922155688622784,-227.08742438023066,230.97963994909293
2026-02-27 22:00:00+00:00,0.7649999999999999,0.235,67.88,11.15,1.1,19.32382,-6.847811170577756,-227.08742438023066,220.2396132096529
2026-02-27 23:00:00+00:00,0.7649999999999999,0.235,63.96,11.2,0.5,19.240644,-5.774896876841473,-227.08742438023066,221.3125275033892
2026-02-28 00:00:00+00:00,0.7649999999999999,0.235,58.07,11.3,0.1,18.13003,-9.208880550343967,-227.08742438023066,217.8785438298867
2026-02-28 01:00:00+00:00,,,56.02,11.3,0.0,18.645428,-3.530222145686235,-227.08742438023066,223.55720223454443
2026-02-28 02:00:00+00:00,0.7649999999999999,0.235,52.74,10.65,0.0,18.32202,-5.855051767225994,-227.08742438023066,221.23237261300466
2026-02-28 03:00:00+00:00,0.7649999999999999,0.235,52.81,10.05,0.0,19.022177,0.13272658323852937,-227.08742438023066,227.2201509634692
2026-02-28 04:00:00+00:00,0.7649999999999999,0.235,53.07,9.8,0.0,19.969458,0.4923309979170565,-227.08742438023066,227.57975537814772
2026-02-28 05:00:00+00:00,0.7649999999999999,0.235,55.77,9.5,0.0,20.447239,5.087620124364056,-227.08742438023066,232.17504450459472
2026-02-28 06:00:00+00:00,0.7649999999999999,0.235,56.82,10.1,0.0,19.523155,1.8827326519634147,-227.08742438023066,228.97015703219407
2026-02-28 07:00:00+00:00,0.7649999999999999,0.235,42.28,9.75,0.0,20.728155,-25.589581133403726,-227.08742438023066,201.49784324682693
2026-02-28 08:00:00+00:00,0.7649999999999999,0.235,16.17,10.0,0.0,22.90248,-61.75496688741722,-227.08742438023066,165.33245749281343
2026-02-28 09:00:00+00:00,0.7649999999999999,0.235,0.34,10.35,0.0,27.22288,-97.89734075448361,-227.08742438023066,129.19008362574704
2026-02-28 10:00:00+00:00,0.7649999999999999,0.235,-0.02,10.3,0.0,29.822474,-105.88235294117648,-227.08742438023066,121.20507143905418
2026-02-28 11:00:00+00:00,0.7649999999999999,0.235,0.1,10.35,0.0,33.73692,-600.0,-227.08742438023066,-372.9125756197693
2026-02-28 12:00:00+00:00,0.7649999999999999,0.235,0.09,10.65,0.1,30.064848,-10.000000000000009,-227.08742438023066,217.08742438023066
2026-02-28 13:00:00+00:00,0.7649999999999999,0.235,-0.0,9.5,0.1,25.730556,-100.0,-227.08742438023066,127.08742438023066
2026-02-28 14:00:00+00:00,0.7649999999999999,0.235,11.39,9.15,0.2,25.344229,,,
2026-02-28 15:00:00+00:00,0.7649999999999999,0.235,50.18,9.05,0.1,22.717823,340.56189640035115,-227.08742438023066,567.6493207805818
2026-02-28 16:00:00+00:00,,,71.92,9.55,0.0,20.232191,43.32403347947389,-227.08742438023066,270.41145785970457
2026-02-28 17:00:00+00:00,,,82.72,9.0,0.0,16.285772,15.016685205784208,-227.08742438023066,242.10410958601486
2026-02-28 18:00:00+00:00,,,89.98,8.45,0.0,13.954354,8.77659574468086,-227.08742438023066,235.86402012491152
2026-02-28 19:00:00+00:00,,,74.83,7.75,0.0,15.726067,-16.837074905534564,-227.08742438023066,210.2503494746961
2026-02-28 20:00:00+00:00,,,71.04,6.8,0.0,14.835537,-5.064813577442195,-227.08742438023066,222.02261080278845
2026-02-28 21:00:00+00:00,,,72.58,6.05,0.0,13.633737,2.1677927927927776,-227.08742438023066,229.25521717302342
2026-02-28 22:00:00+00:00,,,66.41,5.55,0.0,13.259049,-8.500964453017367,-227.08742438023066,218.5864599272133
2026-02-28 23:00:00+00:00,,,,5.2,0.0,13.104198,,,
2026-03-01 00:00:00+00:00,,,70.45,5.1,0.0,12.785069,,,
2026-03-01 01:00:00+00:00,,,64.03,4.8,0.0,11.886816,-9.112845990063878,-227.08742438023066,217.97457839016678
2026-03-01 02:00:00+00:00,,,58.73,4.65,0.0,11.440979,-8.27736998282056,-227.08742438023066,218.8100543974101
2026-03-01 03:00:00+00:00,,,57.06,4.6,0.0,11.003581,-2.843521198705934,-227.08742438023066,224.24390318152473
2026-03-01 04:00:00+00:00,,,55.41,4.4,0.0,11.837651,-2.8916929547844528,-227.08742438023066,224.1957314254462
2026-03-01 05:00:00+00:00,,,55.44,4.35,0.0,12.971244,0.05414185165133478,-227.08742438023066,227.141566231882
2026-03-01 06:00:00+00:00,,,54.03,4.85,0.0,14.044615,-2.5432900432900363,-227.08742438023066,224.54413433694063
2026-03-01 07:00:00+00:00,,,43.0,5.3,0.0,15.517629,-20.414584490098097,-227.08742438023066,206.67283989013256
2026-03-01 08:00:00+00:00,,,15.42,6.6,0.0,16.276815,-64.13953488372093,-227.08742438023066,162.94788949650973
2026-03-01 09:00:00+00:00,,,-0.0,7.8,0.0,15.03835,-100.0,-227.08742438023066,127.08742438023066
2026-03-01 10:00:00+00:00,,,-0.02,9.15,0.0,15.760025,,,
2026-03-01 11:00:00+00:00,,,-0.37,10.6,0.0,18.331741,1750.0,-227.08742438023066,1977.0874243802307
2026-03-01 12:00:00+00:00,,,-0.79,11.75,0.0,24.696104,113.51351351351352,-227.08742438023066,340.6009378937442
2026-03-01 13:00:00+00:00,,,-0.01,11.1,0.0,20.054457,-98.73417721518987,-227.08742438023066,128.35324716504078
2026-03-01 14:00:00+00:00,,,18.66,11.1,0.0,18.353823,-186700.0,-227.08742438023066,-186472.91257561976
2026-03-01 15:00:00+00:00,,,55.9,11.9,0.0,18.463821,199.5712754555198,-227.08742438023066,426.65869983575044
2026-03-01 16:00:00+00:00,,,80.94,11.35,0.0,16.179985,44.79427549194992,-227.08742438023066,271.88169987218055
2026-03-01 17:00:00+00:00,,,87.4,10.85,0.0,15.342294,7.9812206572769995,-227.08742438023066,235.06864503750765
2026-03-01 18:00:00+00:00,,,87.82,10.55,0.0,14.178928,0.48054919908464555,-227.08742438023066,227.5679735793153
2026-03-01 19:00:00+00:00,,,77.09,10.15,0.0,14.24163,-12.218173536779764,-227.08742438023066,214.86925084345089
2026-03-01 20:00:00+00:00,,,69.27,9.9,0.0,14.174356,-10.14398754702297,-227.08742438023066,216.9434368332077
2026-03-01 21:00:00+00:00,,,63.24,9.8,0.0,14.193772,-8.705067128627109,-227.08742438023066,218.38235725160354
2026-03-01 22:00:00+00:00,,,54.44,8.8,0.0,13.110376,-13.915243516761555,-227.08742438023066,213.1721808634691
2026-03-01 23:00:00+00:00,,,53.49,8.15,0.0,12.452566,-1.745040411462151,-227.08742438023066,225.3423839687685
2026-03-02 00:00:00+00:00,,,52.2,7.65,0.0,12.24,-2.4116657319125046,-227.08742438023066,224.67575864831815
2026-03-02 01:00:00+00:00,,,54.9,7.3,0.0,11.9466305,5.1724137931034475,-227.08742438023066,232.25983817333412
2026-03-02 02:00:00+00:00,,,54.0,7.1,0.0,12.358542,-1.6393442622950838,-227.08742438023066,225.44808011793558
2026-03-02 03:00:00+00:00,,,57.21,6.85,0.0,13.055896,5.944444444444441,-227.08742438023066,233.0318688246751
2026-03-02 04:00:00+00:00,,,66.55,6.65,0.0,13.229694,16.325817164831324,-227.08742438023066,243.413241545062
2026-03-02 05:00:00+00:00,,,81.94,6.4,0.0,13.184308,23.125469571750568,-227.08742438023066,250.21289395198121
2026-03-02 06:00:00+00:00,,,111.97,6.5,0.0,13.491597,36.64876739077374,-227.08742438023066,263.7361917710044
2026-03-02 07:00:00+00:00,,,103.6,6.65,0.0,13.499999,-7.475216575868537,-227.08742438023066,219.61220780436213
2026-03-02 08:00:00+00:00,,,72.63,8.0,0.0,13.210087,-29.89382239382239,-227.08742438023066,197.19360198640828
2026-03-02 09:00:00+00:00,,,53.89,9.8,0.0,10.897063,-25.80201018862729,-227.08742438023066,201.28541419160337
2026-03-02 10:00:00+00:00,,,41.27,11.55,0.0,11.384199,-23.418073854147337,-227.08742438023066,203.66935052608332
2026-03-02 11:00:00+00:00,,,22.8,13.2,0.0,11.367109,-44.754058638236,-227.08742438023066,182.33336574199467
2026-03-02 12:00:00+00:00,,,29.82,15.0,0.0,11.749741,30.78947368421052,-227.08742438023066,257.8768980644412
2026-03-02 13:00:00+00:00,,,48.61,15.6,0.0,12.059999,63.011401743796114,-227.08742438023066,290.0988261240268
2026-03-02 14:00:00+00:00,,,63.72,15.8,0.0,11.881363,31.0841390660358,-227.08742438023066,258.1715634462665
2026-03-02 15:00:00+00:00,,,87.77,15.75,0.0,10.805999,37.743251726302574,-227.08742438023066,264.83067610653325
2026-03-02 16:00:00+00:00,,,132.84,15.05,0.0,7.6367526,51.350119630853385,-227.08742438023066,278.437544011084
2026-03-02 17:00:00+00:00,,,165.44,13.3,0.0,7.0911775,24.54080096356519,-227.08742438023066,251.62822534379586
2026-03-02 18:00:00+00:00,,,139.0,12.35,0.0,8.626865,-15.981624758220503,-227.08742438023066,211.10579962201015
2026-03-02 19:00:00+00:00,,,104.28,11.7,0.0,8.688613,-24.978417266187048,-227.08742438023066,202.1090071140436
2026-03-02 20:00:00+00:00,,,86.79,10.85,0.0,8.905908,-16.772151898734165,-227.08742438023066,210.3152724814965
2026-03-02 21:00:00+00:00,,,85.06,10.15,0.0,9.292254,-1.9933172024426793,-227.08742438023066,225.09410717778798
2026-03-02 22:00:00+00:00,,,79.46,9.55,0.0,9.3669195,-6.583588055490253,-227.08742438023066,220.5038363247404
2026-03-02 23:00:00+00:00,,,78.62,9.0,0.0,9.016185,-1.057135665743758,-227.08742438023066,226.0302887144869
2026-03-03 00:00:00+00:00,,,82.12,8.6,0.0,9.54679,4.4517934367845235,-227.08742438023066,231.53921781701519
2026-03-03 01:00:00+00:00,,,81.24,8.1,0.0,9.0645685,-1.0716025328787238,-227.08742438023066,226.01582184735193
2026-03-03 02:00:00+00:00,,,78.93,7.8,0.0,9.422101,-2.8434268833086973,-227.08742438023066,224.24399749692196
2026-03-03 03:00:00+00:00,,,82.21,7.5,0.0,9.779817,4.15558089446344,-227.08742438023066,231.2430052746941
2026-03-03 04:00:00+00:00,,,89.64,7.1,0.0,9.422101,9.03782994769493,-227.08742438023066,236.12525432792557
2026-03-03 05:00:00+00:00,,,124.42,6.65,0.0,9.087772,38.79964301651049,-227.08742438023066,265.88706739674114
2026-03-03 06:00:00+00:00,,,153.49,6.55,0.0,7.9077177,23.364410866420204,-227.08742438023066,250.45183524665086
2026-03-03 07:00:00+00:00,,,138.66,6.3,0.0,7.486788,-9.66186722262037,-227.08742438023066,217.42555715761029
2026-03-03 08:00:00+00:00,,,97.06,7.6,0.0,6.12,-30.001442377037357,-227.08742438023066,197.0859820031933
2026-03-03 09:00:00+00:00,,,68.16,9.65,0.0,2.8116899,-29.775396661858643,-227.08742438023066,197.312027718372
2026-03-03 10:00:00+00:00,,,46.16,11.8,0.0,2.4482648,-32.27699530516433,-227.08742438023066,194.81042907506634
2026-03-03 11:00:00+00:00,,,29.92,13.5,0.0,2.5772076,-35.18197573656845,-227.08742438023066,191.90544864366223
2026-03-03 12:00:00+00:00,,,26.96,15.1,0.0,1.1384199,-9.893048128342253,-227.08742438023066,217.1943762518884
2026-03-03 13:00:00+00:00,,,49.27,16.05,0.0,0.9,82.75222551928785,-227.08742438023066,309.8396498995185
2026-03-03 14:00:00+00:00,,,70.63,16.35,0.0,1.3104197,43.35295311548608,-227.08742438023066,270.44037749571675
2026-03-03 15:00:00+00:00,,,97.07,16.3,0.0,2.6758924,37.434517910236444,-227.08742438023066,264.5219422904671
2026-03-03 16:00:00+00:00,,,137.3,15.75,0.0,2.8460495,41.44431853301742,-227.08742438023066,268.5317429132481
2026-03-03 17:00:00+00:00,,,174.4,13.8,0.0,3.7971036,27.021121631463952,-227.08742438023066,254.1085460116946
2026-03-03 18:00:00+00:00,,,164.5,12.85,0.0,5.4656014,-5.676605504587162,-227.08742438023066,221.41081887564349
2026-03-03 19:00:00+00:00,,,108.69,12.5,0.0,8.083983,-33.92705167173252,-227.08742438023066,193.16037270849813
2026-03-03 20:00:00+00:00,,,101.18,11.15,0.0,9.144637,-6.909559297083446,-227.08742438023066,220.17786508314722
2026-03-03 21:00:00+00:00,,,95.58,10.3,0.0,8.587338,-5.534690650326157,-227.08742438023066,221.5527337299045
2026-03-03 22:00:00+00:00,,,88.5,9.9,0.0,8.43699,-7.4074074074074066,-227.08742438023066,219.68001697282324
2026-03-03 23:00:00+00:00,,,117.78,9.35,0.0,8.557102,33.084745762711876,-227.08742438023066,260.17217014294255
2026-03-04 00:00:00+00:00,,,116.82,8.85,0.0,7.928178,-0.8150789607743292,-227.08742438023066,226.27234541945631
2026-03-04 01:00:00+00:00,,,114.68,8.05,0.0,6.8989563,-1.8318781030645326,-227.08742438023066,225.25554627716613
2026-03-04 02:00:00+00:00,,,112.53,7.35,0.0,7.0911775,-1.8747820020927897,-227.08742438023066,225.21264237813787
2026-03-04 03:00:00+00:00,,,115.24,6.7,0.0,6.601363,2.4082466897716204,-227.08742438023066,229.4956710700023
2026-03-04 04:00:00+00:00,,,115.96,6.25,0.0,6.542201,0.6247830614370065,-227.08742438023066,227.71220744166766
2026-03-04 05:00:00+00:00,,,165.13,5.75,0.0,7.102591,42.40255260434633,-227.08742438023066,269.48997698457697
2026-03-04 06:00:00+00:00,,,226.23,5.15,0.0,7.388775,37.0011506086114,-227.08742438023066,264.0885749888421
2026-03-04 07:00:00+00:00,,,197.13,4.95,0.0,7.293888,-12.863015515183662,-227.08742438023066,214.224408865047
2026-03-04 08:00:00+00:00,,,137.84,6.4,0.0,6.28713,-30.076599198498457,-227.08742438023066,197.0108251817322
2026-03-04 09:00:00+00:00,,,109.26,9.05,0.0,3.7799997,-20.7341845618108,-227.08742438023066,206.35323981841987
2026-03-04 10:00:00+00:00,,,76.98,11.85,0.0,1.609969,-29.54420647995607,-227.08742438023066,197.54321790027458
2026-03-04 11:00:00+00:00,,,40.25,14.05,0.0,1.5273507,-47.71369186801767,-227.08742438023066,179.373732512213
2026-03-04 12:00:00+00:00,,,26.09,15.25,0.0,2.1897945,-35.18012422360248,-227.08742438023066,191.90730015662817
2026-03-04 13:00:00+00:00,,,50.5,16.1,0.0,2.7416782,93.56075124568801,-227.08742438023066,320.64817562591867
2026-03-04 14:00:00+00:00,,,79.22,16.4,0.0,3.9966483,56.87128712871288,-227.08742438023066,283.95871150894357
2026-03-04 15:00:00+00:00,,,121.93,16.3,0.0,5.4744864,53.913153244130285,-227.08742438023066,281.000577624361
2026-03-04 16:00:00+00:00,,,223.05,15.6,0.0,6.156947,82.93283031247437,-227.08742438023066,310.020254692705
2026-03-04 17:00:00+00:00,,,260.2,14.0,0.0,6.603817,16.655458417395195,-227.08742438023066,243.74288279762584
2026-03-04 18:00:00+00:00,,,213.3,13.05,0.0,7.8583965,-18.02459646425826,-227.08742438023066,209.0628279159724
2026-03-04 19:00:00+00:00,,,166.3,12.35,0.0,9.854075,-22.034692920768872,-227.08742438023066,205.0527314594618
2026-03-04 20:00:00+00:00,,,134.2,11.45,0.0,11.252519,-19.30246542393267,-227.08742438023066,207.784958956298
2026-03-04 21:00:00+00:00,,,126.02,10.75,0.0,11.225132,-6.095380029806252,-227.08742438023066,220.9920443504244
2026-03-04 22:00:00+00:00,,,111.57,10.2,0.0,10.9859,-11.466433899381057,-227.08742438023066,215.6209904808496
2026-03-04 23:00:00+00:00,,,110.58,9.35,0.0,10.805998,-0.8873353051895627,-227.08742438023066,226.2000890750411
2026-03-05 00:00:00+00:00,,,104.02,9.35,0.0,11.203464,-5.932356664858018,-227.08742438023066,221.15506771537264
2026-03-05 01:00:00+00:00,,,103.19,8.9,0.0,11.616626,-0.7979234762545695,-227.08742438023066,226.2895009039761
2026-03-05 02:00:00+00:00,,,100.1,8.25,0.0,11.843124,-2.994476208934982,-227.08742438023066,224.0929481712957
2026-03-05 03:00:00+00:00,,,102.59,7.8,0.0,12.097553,2.4875124875124888,-227.08742438023066,229.57493686774313
2026-03-05 04:00:00+00:00,,,115.75,7.45,0.0,12.097553,12.827760990349923,-227.08742438023066,239.9151853705806
2026-03-05 05:00:00+00:00,,,142.45,7.2,0.0,11.843124,23.066954643628492,-227.08742438023066,250.15437902385915
2026-03-05 06:00:00+00:00,,,156.36,7.1,0.0,11.466438,9.764829764829773,-227.08742438023066,236.85225414506044
2026-03-05 07:00:00+00:00,,,139.43,7.05,0.0,11.334285,-10.827577385520593,-227.08742438023066,216.25984699471007
2026-03-05 08:00:00+00:00,,,97.25,8.7,0.0,11.200571,-30.251739223983364,-227.08742438023066,196.83568515624728
2026-03-05 09:00:00+00:00,,,65.06,10.85,0.0,8.415842,-33.100257069408734,-227.08742438023066,193.98716731082192
2026-03-05 10:00:00+00:00,,,25.56,13.0,0.0,7.7043357,-60.713187826621585,-227.08742438023066,166.37423655360908
2026-03-05 11:00:00+00:00,,,2.99,14.95,0.0,6.696387,-88.302034428795,-227.08742438023066,138.78538995143566
2026-03-05 12:00:00+00:00,,,2.9,16.65,0.0,6.156947,-3.0100334448160626,-227.08742438023066,224.0773909354146
2026-03-05 13:00:00+00:00,,,37.31,17.8,0.0,7.3094187,1186.5517241379312,-227.08742438023066,1413.6391485181618
2026-03-05 14:00:00+00:00,,,79.08,18.2,0.0,8.490582,111.95389975877781,-227.08742438023066,339.04132413900845
2026-03-05 15:00:00+00:00,,,122.2,18.25,0.0,8.688613,54.527061203844205,-227.08742438023066,281.6144855840749
2026-03-05 16:00:00+00:00,,,164.8,17.55,0.0,6.854195,34.86088379705401,-227.08742438023066,261.9483081772847
2026-03-05 17:00:00+00:00,,,184.08,15.75,0.0,8.29173,11.699029126213588,-227.08742438023066,238.78645350644425
2026-03-05 18:00:00+00:00,,,166.73,14.5,0.0,10.315115,-9.425249891351594,-227.08742438023066,217.66217448887906
2026-03-05 19:00:00+00:00,,,134.57,13.75,0.0,11.328566,-19.288670305283993,-227.08742438023066,207.79875407494666
2026-03-05 20:00:00+00:00,,,123.28,13.25,0.0,12.483748,-8.389685665452918,-227.08742438023066,218.69773871477773
2026-03-05 21:00:00+00:00,,,121.24,12.45,0.0,11.605464,-1.6547696301103199,-227.08742438023066,225.43265475012035
2026-03-05 22:00:00+00:00,,,112.94,11.65,0.0,11.521406,-6.845925437149458,-227.08742438023066,220.2414989430812
2026-03-05 23:00:00+00:00,,,93.93,11.05,0.0,11.1090765,-16.831946166105894,-227.08742438023066,210.25547821412476
2026-03-06 00:00:00+00:00,,,96.18,10.9,0.0,10.874741,2.395400830405614,-227.08742438023066,229.48282521063626
2026-03-06 01:00:00+00:00,,,96.42,10.4,0.0,9.906544,0.24953212726137597,-227.08742438023066,227.33695650749203
2026-03-06 02:00:00+00:00,,,100.66,10.0,0.0,9.3669195,4.397427919518759,-227.08742438023066,231.4848522997494
2026-03-06 03:00:00+00:00,,,105.83,9.7,0.0,9.181765,5.136101728591291,-227.08742438023066,232.22352610882194
2026-03-06 04:00:00+00:00,,,109.53,9.2,0.0,8.647496,3.4961731078144265,-227.08742438023066,230.5835974880451
2026-03-06 05:00:00+00:00,,,132.74,8.65,0.0,7.841888,21.190541404181506,-227.08742438023066,248.27796578441217
2026-03-06 06:00:00+00:00,,,155.3,8.3,0.0,5.4119864,16.995630555974085,-227.08742438023066,244.08305493620475
2026-03-06 07:00:00+00:00,,,135.56,8.4,0.0,4.913044,-12.710882163554416,-227.08742438023066,214.37654221667623
2026-03-06 08:00:00+00:00,,,112.59,9.6,0.0,6.050785,-16.944526408970194,-227.08742438023066,210.14289797126045
2026-03-06 09:00:00+00:00,,,92.9,11.95,0.0,4.4456716,-17.488231636912687,-227.08742438023066,209.59919274331799
2026-03-06 10:00:00+00:00,,,72.94,14.6,0.0,2.50064,-21.4854682454252,-227.08742438023066,205.60195613480545
2026-03-06 11:00:00+00:00,,,59.02,16.4,0.0,3.06,-19.084178777077042,-227.08742438023066,208.00324560315363
2026-03-06 12:00:00+00:00,,,52.09,16.8,0.0,2.8174455,-11.741782446628257,-227.08742438023066,215.3456419336024
2026-03-06 13:00:00+00:00,,,74.16,17.4,0.0,5.5829024,42.36897677097331,-227.08742438023066,269.456401151204
2026-03-06 14:00:00+00:00,,,98.38,17.45,0.0,5.0688457,32.659115426105714,-227.08742438023066,259.7465398063364
2026-03-06 15:00:00+00:00,,,120.94,17.35,0.0,4.503598,22.931490140272427,-227.08742438023066,250.01891452050307
2026-03-06 16:00:00+00:00,,,159.5,16.75,0.0,4.278551,31.883578634033416,-227.08742438023066,258.97100301426406
2026-03-06 17:00:00+00:00,,,195.2,15.0,0.0,3.06,22.382445141065823,-227.08742438023066,249.4698695212965
2026-03-06 18:00:00+00:00,,,173.97,13.8,0.0,2.1674871,-10.876024590163935,-227.08742438023066,216.21139979006674
2026-03-06 19:00:00+00:00,,,120.05,13.7,0.0,2.50064,-30.99384951428408,-227.08742438023066,196.09357486594658
2026-03-06 20:00:00+00:00,,,127.23,13.35,0.0,2.968636,5.9808413161182905,-227.08742438023066,233.06826569634896
2026-03-06 21:00:00+00:00,,,117.99,12.75,0.0,6.5520988,-7.262438104220714,-227.08742438023066,219.82498627600995
2026-03-06 22:00:00+00:00,,,113.79,11.45,0.0,7.519175,-3.559623696923464,-227.08742438023066,223.5278006833072
2026-03-06 23:00:00+00:00,,,118.57,10.35,0.0,5.9644947,4.200720625714016,-227.08742438023066,231.28814500594467
2026-03-07 00:00:00+00:00,,,114.29,9.95,0.0,6.1569467,-3.6096820443619726,-227.08742438023066,223.4777423358687
2026-03-07 01:00:00+00:00,,,108.66,9.5,0.0,6.050785,-4.926065272552282,-227.08742438023066,222.16135910767838
2026-03-07 02:00:00+00:00,,,105.33,8.8,0.0,6.5520988,-3.0646051905024785,-227.08742438023066,224.02281918972818
2026-03-07 03:00:00+00:00,,,104.76,8.25,0.0,6.725354,-0.5411563657077734,-227.08742438023066,226.5462680145229
2026-03-07 04:00:00+00:00,,,109.12,7.75,0.0,6.9527545,4.161893852615495,-227.08742438023066,231.24931823284615
2026-03-07 05:00:00+00:00,,,114.21,7.4,0.0,7.040739,4.664589442815248,-227.08742438023066,231.7520138230459
2026-03-07 06:00:00+00:00,,,118.63,7.3,0.0,6.8989563,3.8700639173452345,-227.08742438023066,230.95748829757588
2026-03-07 07:00:00+00:00,,,109.06,7.35,0.0,6.162207,-8.067099384641319,-227.08742438023066,219.02032499558933
2026-03-07 08:00:00+00:00,,,104.18,8.45,0.0,6.5049515,-4.4746011369888095,-227.08742438023066,222.61282324324185
2026-03-07 09:00:00+00:00,,,76.85,9.8,0.0,5.5216303,-26.23344211940872,-227.08742438023066,200.85398226082194
2026-03-07 10:00:00+00:00,,,34.3,11.55,0.0,5.068846,-55.36759921925829,-227.08742438023066,171.71982516097236
2026-03-07 11:00:00+00:00,,,15.62,13.05,0.0,5.7515564,-54.46064139941691,-227.08742438023066,172.62678298081374
2026-03-07 12:00:00+00:00,,,1.7,12.45,0.0,6.424764,-89.11651728553137,-227.08742438023066,137.97090709469927
2026-03-07 13:00:00+00:00,,,18.71,13.45,0.0,9.080639,1000.5882352941177,-227.08742438023066,1227.6756596743483
2026-03-07 14:00:00+00:00,,,69.46,14.1,0.0,7.8954163,271.2453233564938,-227.08742438023066,498.3327477367245
2026-03-07 15:00:00+00:00,,,102.61,14.45,0.0,9.255571,47.725309530665136,-227.08742438023066,274.8127339108958
2026-03-07 16:00:00+00:00,,,110.74,13.85,0.0,9.391102,7.923204366046188,-227.08742438023066,235.01062874627684
2026-03-07 17:00:00+00:00,,,160.0,12.75,0.0,8.131936,44.48257178977786,-227.08742438023066,271.5699961700085
2026-03-07 18:00:00+00:00,,,166.05,11.4,0.0,9.854075,3.7812500000000027,-227.08742438023066,230.86867438023066
2026-03-07 19:00:00+00:00,,,144.54,10.75,0.0,10.070353,-12.953929539295405,-227.08742438023066,214.13349484093524
2026-03-07 20:00:00+00:00,,,123.78,10.25,0.0,9.939196,-14.36280614362806,-227.08742438023066,212.7246182366026
2026-03-07 21:00:00+00:00,,,124.0,9.7,0.0,9.432412,0.17773469058006697,-227.08742438023066,227.26515907081074
2026-03-07 22:00:00+00:00,,,119.8,9.2,0.0,9.236298,-3.3870967741935543,-227.08742438023066,223.7003276060371
2026-03-07 23:00:00+00:00,,,127.38,8.7,0.0,8.854829,6.32721202003339,-227.08742438023066,233.41463640026404
2026-03-08 00:00:00+00:00,,,122.48,8.7,0.0,8.43699,-3.8467577327680913,-227.08742438023066,223.24066664746258
2026-03-08 01:00:00+00:00,,,120.06,8.0,0.0,7.7420926,-1.9758327890267768,-227.08742438023066,225.11159159120388
2026-03-08 02:00:00+00:00,,,117.43,7.45,0.0,7.7420926,-2.1905713809761695,-227.08742438023066,224.8968529992545
2026-03-08 03:00:00+00:00,,,116.0,6.95,0.0,8.037761,-1.2177467427403665,-227.08742438023066,225.8696776374903
2026-03-08 04:00:00+00:00,,,116.7,6.45,0.0,8.461914,0.603448275862073,-227.08742438023066,227.69087265609272
2026-03-08 05:00:00+00:00,,,121.13,5.9,0.0,8.557102,3.7960582690659717,-227.08742438023066,230.88348264929664
2026-03-08 06:00:00+00:00,,,113.2,6.65,0.0,8.139901,-6.546685379344497,-227.08742438023066,220.54073900088616
2026-03-08 07:00:00+00:00,,,113.72,6.7,0.0,6.1437774,0.45936395759715865,-227.08742438023066,227.54678833782782
2026-03-08 08:00:00+00:00,,,105.09,7.2,0.0,5.7628117,-7.5888146324305294,-227.08742438023066,219.49860974780012
2026-03-08 09:00:00+00:00,,,75.0,8.15,0.0,5.4656014,-28.63260062803311,-227.08742438023066,198.45482375219754
2026-03-08 10:00:00+00:00,,,21.66,9.95,0.0,3.7842832,-71.12,-227.08742438023066,155.96742438023065
2026-03-08 11:00:00+00:00,,,10.21,12.25,0.0,3.0758414,-52.862419205909504,-227.08742438023066,174.22500517432115
2026-03-08 12:00:00+00:00,,,0.02,11.85,0.0,2.5455842,-99.80411361410381,-227.08742438023066,127.28331076612685
2026-03-08 13:00:00+00:00,,,6.58,13.25,0.0,2.4216523,32800.0,-227.08742438023066,33027.08742438023
2026-03-08 14:00:00+00:00,,,51.78,14.1,0.0,2.9024127,686.9300911854103,-227.08742438023066,914.017515565641
2026-03-08 15:00:00+00:00,,,92.92,14.5,0.0,3.06,79.45152568559288,-227.08742438023066,306.53895006582354
2026-03-08 16:00:00+00:00,,,158.7,14.2,0.0,3.9477081,70.79207920792076,-227.08742438023066,297.8795035881514
2026-03-08 17:00:00+00:00,,,185.23,12.95,0.0,5.154415,16.717076244486464,-227.08742438023066,243.80450062471712
2026-03-08 18:00:00+00:00,,,154.05,11.4,0.0,5.2478566,-16.8331263834152,-227.08742438023066,210.25429799681547
2026-03-08 19:00:00+00:00,,,141.5,10.55,0.0,4.39436,-8.146705615060057,-227.08742438023066,218.9407187651706
2026-03-08 20:00:00+00:00,,,128.55,9.6,0.0,3.8939953,-9.151943462897517,-227.08742438023066,217.93548091733314
2026-03-08 21:00:00+00:00,,,123.86,9.35,0.0,2.0523157,-3.6483858420848003,-227.08742438023066,223.43903853814587
2026-03-08 22:00:00+00:00,,,119.55,8.95,0.0,1.4058449,-3.479735184886168,-227.08742438023066,223.60768919534448
2026-03-08 23:00:00+00:00,,,115.07,8.45,0.0,1.3708391,-3.7473860309493956,-227.08742438023066,223.34003834928126
2026-03-09 00:00:00+00:00,,,109.96,7.8,0.0,1.8792552,-4.440775180325018,-227.08742438023066,222.64664919990565
2026-03-09 01:00:00+00:00,,,106.92,6.95,0.0,2.7534704,-2.7646416878864932,-227.08742438023066,224.32278269234416
2026-03-09 02:00:00+00:00,,,105.24,6.55,0.0,3.4152596,-1.5712682379349086,-227.08742438023066,225.51615614229576
2026-03-09 03:00:00+00:00,,,109.51,6.6,0.0,3.9312592,4.057392626377809,-227.08742438023066,231.14481700660846
2026-03-09 04:00:00+00:00,,,129.38,6.85,0.0,4.942631,18.14446169299606,-227.08742438023066,245.23188607322672
2026-03-09 05:00:00+00:00,,,153.8,7.0,0.0,5.0688457,18.874632864430364,-227.08742438023066,245.96205724466103
2026-03-09 06:00:00+00:00,,,191.49,6.9,0.0,4.6834598,24.505851755526663,-227.08742438023066,251.59327613575732
2026-03-09 07:00:00+00:00,,,179.78,7.55,0.0,7.562142,-6.1152018382161,-227.08742438023066,220.97222254201455
2026-03-09 08:00:00+00:00,,,136.51,9.6,0.0,7.613382,-24.068305706975202,-227.08742438023066,203.01911867325546
2026-03-09 09:00:00+00:00,,,113.06,12.1,0.0,4.1556225,-17.178228701194044,-227.08742438023066,209.9091956790366
2026-03-09 10:00:00+00:00,,,92.65,14.5,0.0,4.186693,-18.052361577923225,-227.08742438023066,209.03506280230744
2026-03-09 11:00:00+00:00,,,79.28,16.2,0.0,5.7628117,-14.430652995143012,-227.08742438023066,212.65677138508764
2026-03-09 12:00:00+00:00,,,76.4,17.55,0.0,5.3426957,-3.632694248234103,-227.08742438023066,223.45473013199654
2026-03-09 13:00:00+00:00,,,83.35,18.0,0.0,6.2067385,9.096858638743432,-227.08742438023066,236.1842830189741
2026-03-09 14:00:00+00:00,,,108.64,18.15,0.0,6.248359,30.341931613677264,-227.08742438023066,257.4293559939079
2026-03-09 15:00:00+00:00,,,132.11,18.0,0.0,5.8409934,21.603460972017686,-227.08742438023066,248.69088535224836
2026-03-09 16:00:00+00:00,,,174.51,17.2,0.3,6.269067,32.09446673226854,-227.08742438023066,259.1818911124992
2026-03-09 17:00:00+00:00,,,228.04,15.8,0.0,2.0991426,30.67445991633717,-227.08742438023066,257.7618842965678
2026-03-09 18:00:00+00:00,,,221.48,13.35,0.0,3.0652893,-2.8766883002981913,-227.08742438023066,224.21073607993247
2026-03-09 19:00:00+00:00,,,176.97,13.2,0.0,4.514377,-20.096622719884415,-227.08742438023066,206.99080166034625
2026-03-09 20:00:00+00:00,,,151.78,13.15,0.0,7.7420926,-14.234050969090806,-227.08742438023066,212.85337341113984
2026-03-09 21:00:00+00:00,,,144.26,12.15,0.0,7.256032,-4.954539465015162,-227.08742438023066,222.1328849152155
2026-03-09 22:00:00+00:00,,,134.08,11.35,0.0,8.849339,-7.05670317482322,-227.08742438023066,220.03072120540745
2026-03-09 23:00:00+00:00,,,140.24,10.55,0.0,9.354806,4.594272076372308,-227.08742438023066,231.68169645660296
2026-03-10 00:00:00+00:00,,,131.14,10.1,0.0,7.6579366,-6.4888762122076615,-227.08742438023066,220.598548168023
2026-03-10 01:00:00+00:00,,,127.4,9.85,0.0,5.7628117,-2.851913985054122,-227.08742438023066,224.23551039517653
2026-03-10 02:00:00+00:00,,,123.18,9.35,0.0,8.827343,-3.3124018838304514,-227.08742438023066,223.7750224964002
2026-03-10 03:00:00+00:00,,,124.15,9.6,0.0,11.1090765,0.7874654976457229,-227.08742438023066,227.87488987787637
2026-03-10 04:00:00+00:00,,,135.71,9.05,0.0,9.693296,9.311316955296011,-227.08742438023066,236.39874133552667
2026-03-10 05:00:00+00:00,,,153.74,8.6,0.0,8.61371,13.285682705769663,-227.08742438023066,240.37310708600032
2026-03-10 06:00:00+00:00,,,175.86,9.35,0.0,9.9408245,14.38792767009236,-227.08742438023066,241.475352050323
2026-03-10 07:00:00+00:00,,,180.62,9.8,0.1,12.961249,2.7066985101785512,-227.08742438023066,229.7941228904092
2026-03-10 08:00:00+00:00,,,162.68,10.85,0.1,12.13499,-9.932454877643671,-227.08742438023066,217.154969502587
2026-03-10 09:00:00+00:00,,,158.38,11.45,1.1,12.652604,-2.643225965084839,-227.08742438023066,224.44419841514582
2026-03-10 10:00:00+00:00,,,148.2,11.8,0.2,11.328566,-6.427579239803006,-227.08742438023066,220.65984514042765
2026-03-10 11:00:00+00:00,,,138.09,12.4,0.0,11.734564,-6.821862348178131,-227.08742438023066,220.26556203205251
2026-03-10 12:00:00+00:00,,,126.96,11.65,0.0,11.638917,-8.059960895068441,-227.08742438023066,219.02746348516223
2026-03-10 13:00:00+00:00,,,129.58,11.4,0.2,11.966954,2.0636420919974974,-227.08742438023066,229.15106647222817
2026-03-10 14:00:00+00:00,,,128.21,12.65,0.4,15.342294,-1.0572619231362879,-227.08742438023066,226.03016245709438
2026-03-10 15:00:00+00:00,,,144.09,13.0,0.2,12.193589,12.385929334685276,-227.08742438023066,239.47335371491593
2026-03-10 16:00:00+00:00,,,181.23,13.15,0.0,9.840914,25.775556943576916,-227.08742438023066,252.86298132380756
2026-03-10 17:00:00+00:00,,,184.73,11.0,0.2,11.200571,1.931247585940521,-227.08742438023066,229.01867196617118
2026-03-10 18:00:00+00:00,,,197.62,10.75,0.0,10.931203,6.977751312726688,-227.08742438023066,234.06517569295735
2026-03-10 19:00:00+00:00,,,155.36,10.2,0.0,12.585848,-21.384475255540934,-227.08742438023066,205.70294912468972
2026-03-10 20:00:00+00:00,,,140.68,10.1,0.0,15.589497,-9.44902162718847,-227.08742438023066,217.6384027530422
2026-03-10 21:00:00+00:00,,,124.46,9.45,0.0,13.379461,-11.529712823429072,-227.08742438023066,215.5577115568016
2026-03-10 22:00:00+00:00,,,97.0,9.0,0.4,13.690654,-22.06331351438213,-227.08742438023066,205.0241108658485
2026-03-10 23:00:00+00:00,,,63.94,8.85,0.1,14.178928,-34.08247422680412,-227.08742438023066,193.00495015342653
2026-03-11 00:00:00+00:00,,,60.78,8.65,0.0,13.009903,-4.942133249921799,-227.08742438023066,222.14529113030886
2026-03-11 01:00:00+00:00,,,52.55,8.9,0.0,16.986889,-13.540638367884183,-227.08742438023066,213.54678601234647
2026-03-11 02:00:00+00:00,,,47.44,9.15,0.0,16.940096,-9.724072312083731,-227.08742438023066,217.36335206814692
2026-03-11 03:00:00+00:00,,,41.28,9.3,0.0,18.644558,-12.98482293423271,-227.08742438023066,214.10260144599795
2026-03-11 04:00:00+00:00,,,48.0,9.35,0.0,19.95485,16.279069767441868,-227.08742438023066,243.36649414767254
2026-03-11 05:00:00+00:00,,,65.04,9.4,0.1,20.398058,35.50000000000002,-227.08742438023066,262.5874243802307
2026-03-11 06:00:00+00:00,,,74.91,9.8,0.1,21.183483,15.175276752767509,-227.08742438023066,242.26270113299816
2026-03-11 07:00:00+00:00,,,74.79,9.8,0.4,21.988014,-0.16019223067680333,-227.08742438023066,226.92723214955384
2026-03-11 08:00:00+00:00,,,62.96,9.85,0.5,23.83624,-15.817622676828458,-227.08742438023066,211.2698017034022
2026-03-11 09:00:00+00:00,,,34.99,9.9,0.7,24.555325,-44.42503176620076,-227.08742438023066,182.6623926140299
2026-03-11 10:00:00+00:00,,,23.3,9.85,1.0,26.239285,-33.4095455844527,-227.08742438023066,193.67787879577796
2026-03-11 11:00:00+00:00,,,17.64,10.0,0.7,24.798225,-24.291845493562235,-227.08742438023066,202.7955788866684
2026-03-11 12:00:00+00:00,,,25.78,10.4,0.3,19.95972,46.1451247165533,-227.08742438023066,273.23254909678394
2026-03-11 13:00:00+00:00,,,43.55,10.75,0.1,17.750774,68.92940263770362,-227.08742438023066,296.01682701793425
2026-03-11 14:00:00+00:00,,,69.52,11.75,0.1,17.95043,59.63260619977038,-227.08742438023066,286.72003058000104
2026-03-11 15:00:00+00:00,,,93.23,11.3,0.1,14.6254835,34.105293440736496,-227.08742438023066,261.1927178209672
2026-03-11 16:00:00+00:00,,,121.4,10.5,0.0,13.88919,30.215595838249488,-227.08742438023066,257.3030202184801
2026-03-11 17:00:00+00:00,,,147.37,9.85,0.0,10.266314,21.39209225700165,-227.08742438023066,248.4795166372323
2026-03-11 18:00:00+00:00,,,157.74,9.0,0.0,9.181765,7.036710320960848,-227.08742438023066,234.1241347011915
2026-03-11 19:00:00+00:00,,,134.16,8.1,0.0,8.131936,-14.948649676683157,-227.08742438023066,212.1387747035475
2026-03-11 20:00:00+00:00,,,115.23,7.5,0.0,11.304229,-14.110017889087656,-227.08742438023066,212.977406491143
2026-03-11 21:00:00+00:00,,,113.57,7.05,0.0,12.039833,-1.4405970667361045,-227.08742438023066,225.64682731349455
2026-03-11 22:00:00+00:00,,,101.94,6.75,0.0,12.204212,-10.240380382143165,-227.08742438023066,216.84704399808749
2026-03-11 23:00:00+00:00,,,96.7,6.45,0.0,11.870451,-5.140278595252101,-227.08742438023066,221.94714578497855
2026-03-12 00:00:00+00:00,,,92.05,6.0,0.0,12.346741,-4.808686659772499,-227.08742438023066,222.27873772045817
2026-03-12 01:00:00+00:00,,,87.12,5.7,0.0,12.242646,-5.355784899511129,-227.08742438023066,221.73163948071954
2026-03-12 02:00:00+00:00,,,83.64,5.9,0.0,12.473363,-3.9944903581267233,-227.08742438023066,223.09293402210395
2026-03-12 03:00:00+00:00,,,85.46,5.3,0.0,12.534257,2.175992348158773,-227.08742438023066,229.26341672838944
2026-03-12 04:00:00+00:00,,,93.44,4.85,0.0,13.523978,9.33770184881817,-227.08742438023066,236.42512622904883
2026-03-12 05:00:00+00:00,,,121.1,4.75,0.0,15.299999,29.601883561643838,-227.08742438023066,256.6893079418745
2026-03-12 06:00:00+00:00,,,128.65,5.0,0.0,15.2501545,6.234516928158551,-227.08742438023066,233.3219413083892
2026-03-12 07:00:00+00:00,,,103.62,5.25,0.0,15.379206,-19.455888068402636,-227.08742438023066,207.63153631182803
2026-03-12 08:00:00+00:00,,,72.88,6.45,0.0,15.651722,-29.666087627871075,-227.08742438023066,197.4213367523596
2026-03-12 09:00:00+00:00,,,23.52,7.85,0.0,18.204042,-67.72777167947311,-227.08742438023066,159.35965270075755
2026-03-12 10:00:00+00:00,,,0.97,9.5,0.0,25.740627,-95.87585034013605,-227.08742438023066,131.2115740400946
2026-03-12 11:00:00+00:00,,,0.21,10.35,0.0,28.085192,-78.35051546391753,-227.08742438023066,148.73690891631313
2026-03-12 12:00:00+00:00,,,1.03,11.3,0.0,28.843283,390.4761904761905,-227.08742438023066,617.5636148564212
2026-03-12 13:00:00+00:00,,,2.31,11.3,0.0,24.337303,124.27184466019416,-227.08742438023066,351.3592690404248
2026-03-12 14:00:00+00:00,,,5.48,11.7,0.0,28.449112,137.22943722943722,-227.08742438023066,364.31686160966785
2026-03-12 15:00:00+00:00,,,42.82,11.75,0.0,23.678722,681.3868613138686,-227.08742438023066,908.4742856940993
2026-03-12 16:00:00+00:00,,,87.87,11.9,0.0,21.578989,105.20784680056047,-227.08742438023066,332.29527118079113
2026-03-12 17:00:00+00:00,,,109.26,11.15,0.0,21.392754,24.34277910549676,-227.08742438023066,251.43020348572742
2026-03-12 18:00:00+00:00,,,111.98,10.25,0.0,21.42227,2.489474647629497,-227.08742438023066,229.57689902786015
2026-03-12 19:00:00+00:00,,,90.62,9.75,0.0,22.629229,-19.07483479192713,-227.08742438023066,208.0125895883035
2026-03-12 20:00:00+00:00,,,71.04,9.4,0.0,24.08303,-21.60670933568748,-227.08742438023066,205.4807150445432
2026-03-12 21:00:00+00:00,,,63.12,9.25,0.0,24.735432,-11.148648648648663,-227.08742438023066,215.93877573158198
2026-03-12 22:00:00+00:00,,,23.25,9.3,0.0,25.269974,-63.16539923954372,-227.08742438023066,163.92202514068694
2026-03-12 23:00:00+00:00,,,10.41,9.2,0.0,25.603693,-55.225806451612904,-227.08742438023066,171.86161792861776
2026-03-13 00:00:00+00:00,,,7.85,9.35,0.0,25.303928,-24.591738712776177,-227.08742438023066,202.4956856674545
2026-03-13 01:00:00+00:00,,,5.87,9.25,0.0,25.408068,-25.222929936305725,-227.08742438023066,201.86449444392494
2026-03-13 02:00:00+00:00,,,3.59,9.45,0.0,25.739998,-38.84156729131176,-227.08742438023066,188.2458570889189
2026-03-13 03:00:00+00:00,,,4.4,9.65,0.0,26.591915,22.562674094707535,-227.08742438023066,249.6500984749382
2026-03-13 04:00:00+00:00,,,5.25,9.75,0.0,26.868881,19.318181818181813,-227.08742438023066,246.40560619841247
2026-03-13 05:00:00+00:00,,,17.96,9.85,0.0,27.77838,242.0952380952381,-227.08742438023066,469.18266247546876
2026-03-13 06:00:00+00:00,,,33.49,9.45,0.0,26.208395,86.46993318485524,-227.08742438023066,313.5573575650859
2026-03-13 07:00:00+00:00,,,38.78,9.85,0.1,26.608969,15.795759928336818,-227.08742438023066,242.88318430856748
2026-03-13 08:00:00+00:00,,,30.17,10.55,0.2,27.44336,-22.20216606498194,-227.08742438023066,204.8852583152487
2026-03-13 09:00:00+00:00,,,27.57,10.7,0.6,26.161995,-8.617832283725557,-227.08742438023066,218.4695920965051
2026-03-13 10:00:00+00:00,,,47.04,9.3,3.0,22.08432,70.620239390642,-227.08742438023066,297.70766377087267
2026-03-13 11:00:00+00:00,,,55.94,7.85,1.0,18.762354,18.92006802721089,-227.08742438023066,246.00749240744153
2026-03-13 12:00:00+00:00,,,13.3,7.0,0.9,17.149193,-76.22452627815517,-227.08742438023066,150.8628981020755
2026-03-13 13:00:00+00:00,,,19.12,6.4,1.3,14.05845,43.7593984962406,-227.08742438023066,270.84682287647126
2026-03-13 14:00:00+00:00,,,51.31,6.55,0.8,14.277983,168.35774058577405,-227.08742438023066,395.4451649660047
2026-03-13 15:00:00+00:00,,,87.24,6.55,0.5,14.092977,70.02533619177547,-227.08742438023066,297.1127605720061
2026-03-13 16:00:00+00:00,,,122.96,6.3,0.2,12.399112,40.94452086198992,-227.08742438023066,268.03194524222056
2026-03-13 17:00:00+00:00,,,141.48,5.95,0.2,12.461669,15.061808718282377,-227.08742438023066,242.14923309851304
2026-03-13 18:00:00+00:00,,,163.33,5.65,0.5,12.936227,15.443878993497329,-227.08742438023066,242.53130337372798
2026-03-13 19:00:00+00:00,,,138.42,5.55,0.7,11.511559,-15.251331659829804,-227.08742438023066,211.83609272040084
2026-03-13 20:00:00+00:00,,,119.92,5.3,0.3,10.636766,-13.365120647305295,-227.08742438023066,213.72230373292535
2026-03-13 21:00:00+00:00,,,120.04,4.95,0.1,10.534229,0.10006671114075605,-227.08742438023066,227.1874910913714
2026-03-13 22:00:00+00:00,,,115.92,4.85,0.1,10.387107,-3.4321892702432577,-227.08742438023066,223.6552351099874
2026-03-13 23:00:00+00:00,,,117.88,4.7,0.1,9.627896,1.6908212560386326,-227.08742438023066,228.7782456362693
2026-03-14 00:00:00+00:00,,,115.02,4.45,0.2,9.793058,-2.4261961316593195,-227.08742438023066,224.66122824857135
2026-03-14 01:00:00+00:00,,,108.1,4.4,0.2,7.9138603,-6.016344983481137,-227.08742438023066,221.07107939674952
2026-03-14 02:00:00+00:00,,,99.01,4.5,0.4,5.9834766,-8.408880666049946,-227.08742438023066,218.6785437141807
2026-03-14 03:00:00+00:00,,,101.23,4.55,0.6,6.502461,2.2421977578022334,-227.08742438023066,229.3296221380329
2026-03-14 04:00:00+00:00,,,108.36,3.8,1.7,9.422101,7.0433665909315435,-227.08742438023066,234.1307909711622
2026-03-14 05:00:00+00:00,,,111.04,2.65,1.5,10.495713,2.473237356958302,-227.08742438023066,229.56066173718895
2026-03-14 06:00:00+00:00,,,118.91,2.6,1.2,9.721666,7.087536023054741,-227.08742438023066,234.1749604032854
2026-03-14 07:00:00+00:00,,,135.12,3.0,0.9,9.919618,13.632158775544534,-227.08742438023066,240.71958315577518
2026-03-14 08:00:00+00:00,,,123.17,3.5,0.5,10.548061,-8.843990526939017,-227.08742438023066,218.24343385329163
2026-03-14 09:00:00+00:00,,,111.22,4.05,0.3,10.387107,-9.702037833888122,-227.08742438023066,217.38538654634254
2026-03-14 10:00:00+00:00,,,100.94,5.45,0.0,9.568824,-9.24294191692142,-227.08742438023066,217.84448246330925
2026-03-14 11:00:00+00:00,,,105.25,6.8,0.1,13.202726,4.269863285119868,-227.08742438023066,231.35728766535053
2026-03-14 12:00:00+00:00,,,97.41,5.45,0.1,11.811622,-7.448931116389557,-227.08742438023066,219.6384932638411
2026-03-14 13:00:00+00:00,,,100.42,7.35,0.3,13.78029,3.0900318242480296,-227.08742438023066,230.1774562044787
2026-03-14 14:00:00+00:00,,,102.71,8.25,0.4,12.886039,2.28042222664806,-227.08742438023066,229.36784660687871
2026-03-14 15:00:00+00:00,,,112.68,5.4,1.4,14.336861,9.706941875182572,-227.08742438023066,236.79436625541322
2026-03-14 16:00:00+00:00,,,130.5,6.25,0.2,10.993271,15.814696485622992,-227.08742438023066,242.90212086585365
2026-03-14 17:00:00+00:00,,,161.1,5.85,0.0,9.292255,23.448275862068968,-227.08742438023066,250.53570024229964
2026-03-14 18:00:00+00:00,,,169.83,5.05,0.0,9.187056,5.418994413407829,-227.08742438023066,232.5064187936385
2026-03-14 19:00:00+00:00,,,150.26,4.4,0.0,7.491114,-11.523287993876242,-227.08742438023066,215.56413638635442
2026-03-14 20:00:00+00:00,,,137.45,4.05,0.0,6.830519,-8.525222946892052,-227.08742438023066,218.5622014333386
2026-03-14 21:00:00+00:00,,,135.24,3.45,0.0,7.029225,-1.6078574026918702,-227.08742438023066,225.47956697753878
2026-03-14 22:00:00+00:00,,,128.04,3.0,0.0,7.208994,-5.323868677905952,-227.08742438023066,221.7635557023247
2026-03-14 23:00:00+00:00,,,139.5,2.6,0.0,7.7588143,8.950328022492982,-227.08742438023066,236.03775240272364
2026-03-15 00:00:00+00:00,,,135.98,2.7,0.0,8.311245,-2.5232974910394335,-227.08742438023066,224.56412688919121
2026-03-15 01:00:00+00:00,,,125.03,2.45,0.0,6.8612823,-8.052654802176784,-227.08742438023066,219.03476957805387
2026-03-15 02:00:00+00:00,,,118.25,2.15,0.0,6.489992,-5.422698552347438,-227.08742438023066,221.66472582788322
2026-03-15 03:00:00+00:00,,,116.52,1.85,0.0,6.341009,-1.463002114164913,-227.08742438023066,225.62442226606575
2026-03-15 04:00:00+00:00,,,120.23,1.55,0.0,6.2483597,3.1840027463096554,-227.08742438023066,230.27142712654032
2026-03-15 05:00:00+00:00,,,117.84,1.2,0.0,5.495161,-1.9878566081676818,-227.08742438023066,225.09956777206298
2026-03-15 06:00:00+00:00,,,110.78,0.75,0.0,6.7565966,-5.99117447386287,-227.08742438023066,221.0962499063678
2026-03-15 07:00:00+00:00,,,103.2,1.25,0.0,8.281956,-6.842390323163028,-227.08742438023066,220.24503405706764
2026-03-15 08:00:00+00:00,,,79.43,3.25,0.0,7.344794,-23.032945736434108,-227.08742438023066,204.05447864379656
2026-03-15 09:00:00+00:00,,,63.84,5.6,0.0,6.015878,-19.627344831927484,-227.08742438023066,207.46007954830318
2026-03-15 10:00:00+00:00,,,52.63,7.5,0.0,7.3997297,-17.559523809523814,-227.08742438023066,209.52790057070683
2026-03-15 11:00:00+00:00,,,39.7,8.6,0.0,8.748075,-24.56773703211096,-227.08742438023066,202.5196873481197
2026-03-15 12:00:00+00:00,,,26.45,9.65,0.0,11.074023,-33.37531486146096,-227.08742438023066,193.7121095187697
2026-03-15 13:00:00+00:00,,,26.12,10.05,0.0,10.837435,-1.2476370510396961,-227.08742438023066,225.83978732919095
2026-03-15 14:00:00+00:00,,,44.35,10.5,0.0,11.989946,69.79326186830015,-227.08742438023066,296.8806862485308
2026-03-15 15:00:00+00:00,,,63.28,10.5,0.0,14.224556,42.683201803833136,-227.08742438023066,269.7706261840638
2026-03-15 16:00:00+00:00,,,100.56,10.2,0.0,14.77755,58.91276864728192,-227.08742438023066,286.0001930275126
2026-03-15 17:00:00+00:00,,,131.25,9.35,0.0,14.508715,30.519093078758953,-227.08742438023066,257.60651745898963
2026-03-15 18:00:00+00:00,,,128.78,8.0,0.0,16.700275,-1.8819047619047624,-227.08742438023066,225.2055196183259
2026-03-15 19:00:00+00:00,,,97.81,7.65,0.0,18.762356,-24.048765336232336,-227.08742438023066,203.03865904399834
2026-03-15 20:00:00+00:00,,,80.89,7.9,0.0,21.928255,-17.298844698906045,-227.08742438023066,209.78857968132462
2026-03-15 21:00:00+00:00,,,77.08,7.6,0.5,24.467422,-4.710100135987149,-227.08742438023066,222.3773242442435
2026-03-15 22:00:00+00:00,,,57.45,7.5,0.2,25.837996,-25.46704722366372,-227.08742438023066,201.62037715656695
2026-03-15 23:00:00+00:00,,,32.25,7.45,0.1,25.976189,-43.864229765013064,-227.08742438023066,183.2231946152176
2026-03-16 00:00:00+00:00,,,23.5,7.15,0.4,21.782974,-27.13178294573644,-227.08742438023066,199.95564143449423
2026-03-16 01:00:00+00:00,,,16.63,6.7,0.8,19.761507,-29.234042553191497,-227.08742438023066,197.85338182703916
2026-03-16 02:00:00+00:00,,,13.2,6.75,0.0,17.71789,-20.625375826819003,-227.08742438023066,206.46204855341165
2026-03-16 03:00:00+00:00,,,17.29,6.3,0.0,18.329973,30.98484848484848,-227.08742438023066,258.0722728650791
2026-03-16 04:00:00+00:00,,,41.97,5.9,0.0,17.643673,142.74146905725854,-227.08742438023066,369.8288934374892
2026-03-16 05:00:00+00:00,,,73.5,5.7,0.0,16.65754,75.12508934953539,-227.08742438023066,302.21251372976604
2026-03-16 06:00:00+00:00,,,98.83,5.25,0.0,16.774803,34.46258503401361,-227.08742438023066,261.55000941424424
2026-03-16 07:00:00+00:00,,,96.35,5.75,0.1,15.129638,-2.509359506222808,-227.08742438023066,224.57806487400785
2026-03-16 08:00:00+00:00,,,72.88,6.6,0.0,16.215992,-24.35910742086145,-227.08742438023066,202.7283169593692
2026-03-16 09:00:00+00:00,,,42.4,7.65,0.0,16.572712,-41.82217343578485,-227.08742438023066,185.26525094444582
2026-03-16 10:00:00+00:00,,,17.35,8.45,0.0,15.941944,-59.08018867924527,-227.08742438023066,168.0072357009854
2026-03-16 11:00:00+00:00,,,13.76,9.5,0.0,15.606114,-20.69164265129684,-227.08742438023066,206.39578172893383
2026-03-16 12:00:00+00:00,,,15.49,9.95,0.0,16.071491,12.572674418604656,-227.08742438023066,239.66009879883532
2026-03-16 13:00:00+00:00,,,36.27,10.2,0.1,16.21699,134.15106520335704,-227.08742438023066,361.2384895835877
2026-03-16 14:00:00+00:00,,,55.97,10.75,0.1,16.966848,54.31486076647365,-227.08742438023066,281.4022851467043
2026-03-16 15:00:00+00:00,,,94.33,11.0,0.0,16.084589,68.53671609790959,-227.08742438023066,295.62414047814025
2026-03-16 16:00:00+00:00,,,131.02,10.8,0.0,13.596852,38.89536732746741,-227.08742438023066,265.9827917076981
2026-03-16 17:00:00+00:00,,,165.82,9.75,0.0,14.120539,26.560830407571355,-227.08742438023066,253.64825478780202
2026-03-16 18:00:00+00:00,,,179.93,8.95,0.2,10.706595,8.509226872512365,-227.08742438023066,235.59665125274302
2026-03-16 19:00:00+00:00,,,154.85,8.3,0.0,10.348043,-13.938753959873296,-227.08742438023066,213.14867042035735
2026-03-16 20:00:00+00:00,,,125.84,8.05,0.0,10.703569,-18.734258960284144,-227.08742438023066,208.35316541994652
2026-03-16 21:00:00+00:00,,,122.07,8.15,0.0,11.019764,-2.9958677685950508,-227.08742438023066,224.0915566116356
2026-03-16 22:00:00+00:00,,,99.07,7.9,0.0,11.161451,-18.84164823461948,-227.08742438023066,208.2457761456112
2026-03-16 23:00:00+00:00,,,112.55,7.9,0.0,11.246759,13.606540829716373,-227.08742438023066,240.69396520994704
2026-03-17 00:00:00+00:00,,,103.71,8.6,0.0,12.204212,-7.854286983562863,-227.08742438023066,219.2331373966678
2026-03-17 01:00:00+00:00,,,103.47,8.65,0.0,12.37819,-0.23141452126120843,-227.08742438023066,226.85600985896946
2026-03-17 02:00:00+00:00,,,100.71,8.7,0.0,12.124306,-2.6674398376341,-227.08742438023066,224.41998454259655
2026-03-17 03:00:00+00:00,,,105.94,8.2,0.0,11.448055,5.193128785622081,-227.08742438023066,232.28055316585275
2026-03-17 04:00:00+00:00,,,113.55,7.9,0.0,11.304229,7.18331130828771,-227.08742438023066,234.27073568851836
2026-03-17 05:00:00+00:00,,,137.93,8.4,0.0,10.855358,21.47071774548659,-227.08742438023066,248.55814212571724
2026-03-17 06:00:00+00:00,,,164.0,8.9,0.0,10.694485,18.900891756688164,-227.08742438023066,245.98831613691883
2026-03-17 07:00:00+00:00,,,150.5,9.15,0.0,10.158444,-8.231707317073166,-227.08742438023066,218.8557170631575
2026-03-17 08:00:00+00:00,,,118.08,9.75,0.0,8.513448,-21.541528239202655,-227.08742438023066,205.545896141028
2026-03-17 09:00:00+00:00,,,93.11,11.0,0.0,10.137692,-21.14668021680217,-227.08742438023066,205.9407441634285
2026-03-17 10:00:00+00:00,,,78.34,12.7,0.0,16.237955,-15.862957791859088,-227.08742438023066,211.22446658837157
2026-03-17 11:00:00+00:00,,,70.47,13.6,0.0,15.405519,-10.04595353586929,-227.08742438023066,217.04147084436136
2026-03-17 12:00:00+00:00,,,71.26,13.95,0.0,13.849477,1.1210444160635769,-227.08742438023066,228.20846879629423
2026-03-17 13:00:00+00:00,,,73.5,14.5,0.0,12.641076,3.143418467583481,-227.08742438023066,230.23084284781413
2026-03-17 14:00:00+00:00,,,82.86,14.9,0.0,12.189602,12.734693877551017,-227.08742438023066,239.82211825778168
2026-03-17 15:00:00+00:00,,,100.83,15.15,0.0,11.052058,21.687183200579298,-227.08742438023066,248.77460758080997
2026-03-17 16:00:00+00:00,,,137.09,15.1,0.0,8.477216,35.96151938907073,-227.08742438023066,263.0489437693014
2026-03-17 17:00:00+00:00,,,195.5,14.2,0.0,5.4656014,42.60704646582536,-227.08742438023066,269.694470846056
2026-03-17 18:00:00+00:00,,,167.88,12.65,0.0,5.12289,-14.12787723785166,-227.08742438023066,212.959547142379
2026-03-17 19:00:00+00:00,,,139.88,12.0,0.0,7.3094187,-16.678579938050987,-227.08742438023066,210.40884444217966
2026-03-17 20:00:00+00:00,,,115.3,11.1,0.0,9.432412,-17.572204746925934,-227.08742438023066,209.51521963330472
2026-03-17 21:00:00+00:00,,,103.53,10.5,0.0,10.742848,-10.208152645273195,-227.08742438023066,216.87927173495746
2026-03-17 22:00:00+00:00,,,90.42,10.15,0.0,11.364259,-12.662996232975953,-227.08742438023066,214.4244281472547
2026-03-17 23:00:00+00:00,,,88.0,9.6,0.0,12.283599,-2.676399026763987,-227.08742438023066,224.41102535346667
2026-03-18 00:00:00+00:00,,,82.93,8.95,0.0,12.85205,-5.761363636363626,-227.08742438023066,221.32606074386703
2026-03-18 01:00:00+00:00,,,85.23,8.65,0.0,12.096214,2.7734233691064647,-227.08742438023066,229.86084774933713
2026-03-18 02:00:00+00:00,,,84.1,8.25,0.0,11.712454,-1.3258242402909848,-227.08742438023066,225.76160013993967
2026-03-18 03:00:00+00:00,,,87.38,7.95,0.0,11.334285,3.9001189060642094,-227.08742438023066,230.98754328629488
2026-03-18 04:00:00+00:00,,,95.07,7.55,0.0,10.944532,8.800640878919651,-227.08742438023066,235.88806525915032
2026-03-18 05:00:00+00:00,,,114.21,7.15,0.0,10.560341,20.132533922372996,-227.08742438023066,247.21995830260366
2026-03-18 06:00:00+00:00,,,129.28,6.7,0.0,11.063778,13.194991681989322,-227.08742438023066,240.28241606221997
2026-03-18 07:00:00+00:00,,,93.91,7.45,0.0,10.730778,-27.359220297029708,-227.08742438023066,199.72820408320095
2026-03-18 08:00:00+00:00,,,52.51,9.15,0.0,8.688613,-44.08476200617613,-227.08742438023066,183.00266237405452
2026-03-18 09:00:00+00:00,,,9.18,10.55,0.0,12.409561,-82.5176156922491,-227.08742438023066,144.56980868798155
2026-03-18 10:00:00+00:00,,,-0.66,11.5,0.0,12.739371,-107.18954248366013,-227.08742438023066,119.89788189657052
2026-03-18 11:00:00+00:00,,,-1.3,12.55,0.0,13.379461,96.96969696969697,-227.08742438023066,324.0571213499276
2026-03-18 12:00:00+00:00,,,-1.19,13.7,0.0,12.525207,-8.461538461538465,-227.08742438023066,218.6258859186922
2026-03-18 13:00:00+00:00,,,1.78,14.1,0.0,13.5012,-249.57983193277312,-227.08742438023066,-22.49240755254246
2026-03-18 14:00:00+00:00,,,34.99,14.2,0.0,14.000713,1865.730337078652,-227.08742438023066,2092.8177614588826
2026-03-18 15:00:00+00:00,,,86.41,14.1,0.0,15.717823,146.95627322092025,-227.08742438023066,374.04369760115094
2026-03-18 16:00:00+00:00,,,131.47,13.55,0.0,16.029097,52.14674227519964,-227.08742438023066,279.2341666554303
2026-03-18 17:00:00+00:00,,,168.87,12.35,0.0,15.287288,28.44755457518826,-227.08742438023066,255.53497895541892
2026-03-18 18:00:00+00:00,,,159.65,11.5,0.0,15.156386,-5.459821164209155,-227.08742438023066,221.6276032160215
2026-03-18 19:00:00+00:00,,,122.69,10.65,0.0,15.463244,-23.150642029439407,-227.08742438023066,203.93678235079125
2026-03-18 20:00:00+00:00,,,109.69,10.15,0.0,14.941085,-10.595810579509335,-227.08742438023066,216.49161380072132
2026-03-18 21:00:00+00:00,,,108.09,9.35,0.0,12.059999,-1.4586562129638048,-227.08742438023066,225.62876816726686
2026-03-18 22:00:00+00:00,,,99.85,8.45,0.0,10.694485,-7.623276898880571,-227.08742438023066,219.4641474813501
2026-03-18 23:00:00+00:00,,,101.58,7.8,0.0,10.239453,1.732598898347515,-227.08742438023066,228.82002327857816
2026-03-19 00:00:00+00:00,,,104.34,7.25,0.0,11.226575,2.717070289427048,-227.08742438023066,229.80449466965771
2026-03-19 01:00:00+00:00,,,104.85,6.8,0.0,10.914888,0.4887866589994072,-227.08742438023066,227.57621103923006
2026-03-19 02:00:00+00:00,,,105.75,6.25,0.0,10.609316,0.8583690987124415,-227.08742438023066,227.9457934789431
2026-03-19 03:00:00+00:00,,,112.74,5.8,0.0,10.3480425,6.609929078014187,-227.08742438023066,233.69735345824483
2026-03-19 04:00:00+00:00,,,122.32,5.4,0.0,10.209348,8.497427709774708,-227.08742438023066,235.58485209000537
2026-03-19 05:00:00+00:00,,,144.01,5.1,0.0,10.004178,17.732177894048395,-227.08742438023066,244.81960227427905
2026-03-19 06:00:00+00:00,,,165.95,4.55,0.0,9.12513,15.235053121311015,-227.08742438023066,242.32247750154167
2026-03-19 07:00:00+00:00,,,137.5,5.15,0.0,9.172938,-17.143717987345585,-227.08742438023066,209.94370639288508
2026-03-19 08:00:00+00:00,,,81.08,7.05,0.0,6.2613096,-41.03272727272728,-227.08742438023066,186.0546971075034
2026-03-19 09:00:00+00:00,,,46.63,9.25,0.0,5.7431,-42.48889985199802,-227.08742438023066,184.59852452823264
2026-03-19 10:00:00+00:00,,,6.02,11.35,0.0,6.489992,-87.0898563156766,-227.08742438023066,139.99756806455406
2026-03-19 11:00:00+00:00,,,0.39,13.2,0.0,7.056826,-93.52159468438538,-227.08742438023066,133.56582969584528
2026-03-19 12:00:00+00:00,,,3.33,14.9,0.0,10.534229,753.8461538461538,-227.08742438023066,980.9335782263845
2026-03-19 13:00:00+00:00,,,34.78,15.4,0.0,11.052058,944.4444444444445,-227.08742438023066,1171.531868824675
2026-03-19 14:00:00+00:00,,,64.8,15.55,0.0,11.032987,86.3139735480161,-227.08742438023066,313.40139792824675
2026-03-19 15:00:00+00:00,,,96.2,15.45,0.0,11.161451,48.456790123456805,-227.08742438023066,275.54421450368744
2026-03-19 16:00:00+00:00,,,122.96,14.95,0.0,9.54679,27.817047817047815,-227.08742438023066,254.90447219727847
2026-03-19 17:00:00+00:00,,,185.85,13.65,0.0,8.099999,51.146714378659716,-227.08742438023066,278.23413875889037
2026-03-19 18:00:00+00:00,,,164.41,12.05,0.0,8.6193495,-11.536185095507124,-227.08742438023066,215.55123928472352
2026-03-19 19:00:00+00:00,,,142.69,11.1,0.0,10.548061,-13.210875250897146,-227.08742438023066,213.8765491293335
2026-03-19 20:00:00+00:00,,,128.71,10.4,0.0,10.04458,-9.797463031747133,-227.08742438023066,217.28996134848353
2026-03-19 21:00:00+00:00,,,117.12,9.7,0.0,8.942214,-9.004739336492895,-227.08742438023066,218.08268504373777
2026-03-19 22:00:00+00:00,,,113.06,8.85,0.0,7.8954163,-3.466530054644812,-227.08742438023066,223.62089432558585
2026-03-19 23:00:00+00:00,,,121.28,8.15,0.0,7.029225,7.27047585352909,-227.08742438023066,234.35790023375975
2026-03-20 00:00:00+00:00,,,117.24,7.9,0.0,7.8149853,-3.3311345646438006,-227.08742438023066,223.75628981558685
2026-03-20 01:00:00+00:00,,,113.08,7.15,0.0,8.149847,-3.5482770385533935,-227.08742438023066,223.53914734167728
2026-03-20 02:00:00+00:00,,,117.49,6.4,0.0,7.8954163,3.899893880438632,-227.08742438023066,230.9873182606693
2026-03-20 03:00:00+00:00,,,111.16,5.8,0.0,7.6367526,-5.387692569580393,-227.08742438023066,221.69973181065026
2026-03-20 04:00:00+00:00,,,128.74,5.3,0.0,7.928177,15.815041381792017,-227.08742438023066,242.90246576202267
2026-03-20 05:00:00+00:00,,,161.68,4.95,0.0,7.0038276,25.58645331676246,-227.08742438023066,252.67387769699312
2026-03-20 06:00:00+00:00,,,181.0,4.65,0.0,7.386582,11.949529935675397,-227.08742438023066,239.03695431590606
2026-03-20 07:00:00+00:00,,,150.06,5.25,0.0,7.9077177,-17.093922651933703,-227.08742438023066,209.99350172829696
2026-03-20 08:00:00+00:00,,,115.97,6.4,0.0,5.994297,-22.717579634812747,-227.08742438023066,204.3698447454179
2026-03-20 09:00:00+00:00,,,79.02,6.95,0.0,6.2379804,-31.861688367681296,-227.08742438023066,195.22573601254936
2026-03-20 10:00:00+00:00,,,57.57,8.95,0.0,5.904439,-27.14502657555049,-227.08742438023066,199.94239780468018
2026-03-20 11:00:00+00:00,,,48.27,10.9,0.0,6.502461,-16.154247003647725,-227.08742438023066,210.93317737658293
2026-03-20 12:00:00+00:00,,,47.38,13.15,0.0,8.027678,-1.8437953180029054,-227.08742438023066,225.24362906222774
2026-03-20 13:00:00+00:00,,,62.92,13.7,0.0,9.418662,32.79864921907978,-227.08742438023066,259.8860735993104
2026-03-20 14:00:00+00:00,,,84.02,13.6,0.0,9.703319,33.5346471710108,-227.08742438023066,260.62207155124145
2026-03-20 15:00:00+00:00,,,106.34,13.5,0.0,9.167638,26.565103546774594,-227.08742438023066,253.65252792700525
2026-03-20 16:00:00+00:00,,,137.84,13.45,0.0,8.274128,29.621967274779017,-227.08742438023066,256.70939165500965
2026-03-20 17:00:00+00:00,,,171.7,12.65,0.0,7.6388745,24.564712710388847,-227.08742438023066,251.6521370906195
2026-03-20 18:00:00+00:00,,,188.04,11.2,0.0,10.950452,9.516598718695413,-227.08742438023066,236.60402309892606
2026-03-20 19:00:00+00:00,,,154.57,10.1,0.0,11.334285,-17.79940438204637,-227.08742438023066,209.2880199981843
2026-03-20 20:00:00+00:00,,,138.0,9.1,0.0,11.592894,-10.72006210778288,-227.08742438023066,216.3673622724478
2026-03-20 21:00:00+00:00,,,130.02,8.25,0.0,10.694485,-5.782608695652169,-227.08742438023066,221.3048156845785
2026-03-20 22:00:00+00:00,,,126.34,7.4,0.0,9.807935,-2.83033379480081,-227.08742438023066,224.25709058542984
2026-03-20 23:00:00+00:00,,,118.14,6.75,0.0,10.062305,-6.490422668988449,-227.08742438023066,220.5970017112422
2026-03-21 00:00:00+00:00,,,114.68,6.3,0.0,10.32924,-2.928728627052646,-227.08742438023066,224.15869575317802
2026-03-21 01:00:00+00:00,,,112.09,5.55,0.0,9.292254,-2.2584583188001384,-227.08742438023066,224.82896606143052
2026-03-21 02:00:00+00:00,,,110.7,4.9,0.0,9.037721,-1.2400749397805333,-227.08742438023066,225.84734944045013
2026-03-21 03:00:00+00:00,,,109.51,4.4,0.0,9.1958685,-1.0749774164408255,-227.08742438023066,226.01244696378984
2026-03-21 04:00:00+00:00,,,110.86,3.9,0.0,9.3340025,1.2327641311295823,-227.08742438023066,228.32018851136024
2026-03-21 05:00:00+00:00,,,121.06,3.45,0.0,9.432412,9.200793793974382,-227.08742438023066,236.28821817420504
2026-03-21 06:00:00+00:00,,,126.93,2.85,0.0,9.422101,4.848835288286812,-227.08742438023066,231.93625966851747
2026-03-21 07:00:00+00:00,,,106.17,3.4,0.0,8.043805,-16.35547151973529,-227.08742438023066,210.73195286049537
2026-03-21 08:00:00+00:00,,,78.87,4.8,0.0,8.435069,-25.71347838372421,-227.08742438023066,201.37394599650645
2026-03-21 09:00:00+00:00,,,57.07,6.55,0.0,8.067936,-27.640420945860278,-227.08742438023066,199.44700343437037
2026-03-21 10:00:00+00:00,,,33.74,8.55,0.0,7.8149853,-40.87962151743473,-227.08742438023066,186.20780286279592
2026-03-21 11:00:00+00:00,,,19.3,10.35,0.0,8.287822,-42.79786603438056,-227.08742438023066,184.28955834585008
2026-03-21 12:00:00+00:00,,,17.81,11.05,0.0,9.5416975,-7.7202072538860245,-227.08742438023066,219.36721712634463
2026-03-21 13:00:00+00:00,,,44.19,12.15,0.0,10.04458,148.1190342504211,-227.08742438023066,375.20645863065175
2026-03-21 14:00:00+00:00,,,63.39,12.8,0.0,10.766949,43.44874405974204,-227.08742438023066,270.5361684399727
2026-03-21 15:00:00+00:00,,,81.72,13.0,0.0,11.212135,28.916232844297205,-227.08742438023066,256.00365722452784
2026-03-21 16:00:00+00:00,,,111.68,12.7,0.0,11.712454,36.661771904062654,-227.08742438023066,263.7491962842933
2026-03-21 17:00:00+00:00,,,162.09,11.85,0.0,10.234705,45.13789398280801,-227.08742438023066,272.2253183630387
2026-03-21 18:00:00+00:00,,,158.81,10.4,0.0,11.052058,-2.023567154050221,-227.08742438023066,225.06385722618043
2026-03-21 19:00:00+00:00,,,127.22,9.4,0.0,12.785069,-19.891694477677735,-227.08742438023066,207.19572990255293
2026-03-21 20:00:00+00:00,,,113.56,8.4,0.0,12.750811,-10.737305455117118,-227.08742438023066,216.35011892511355
2026-03-21 21:00:00+00:00,,,108.83,7.5,0.0,13.437455,-4.165199013737231,-227.08742438023066,222.92222536649342
2026-03-21 22:00:00+00:00,,,96.97,6.65,0.0,11.7662735,-10.897730405219153,-227.08742438023066,216.1896939750115
2026-03-21 23:00:00+00:00,,,94.12,5.7,0.0,9.109138,-2.939053315458384,-227.08742438023066,224.14837106477228
2026-03-22 00:00:00+00:00,,,87.12,4.8,0.0,9.059205,-7.437314067148327,-227.08742438023066,219.65011031308234
2026-03-22 01:00:00+00:00,,,82.23,4.05,0.0,8.528657,-5.6129476584022004,-227.08742438023066,221.47447672182847
2026-03-22 02:00:00+00:00,,,78.56,3.5,0.0,8.4963045,-4.463091329198587,-227.08742438023066,222.62433305103207
2026-03-22 03:00:00+00:00,,,80.96,3.1,0.0,8.244708,3.054989816700604,-227.08742438023066,230.14241419693127
2026-03-22 04:00:00+00:00,,,82.5,3.2,0.0,7.7879906,1.9021739130434812,-227.08742438023066,228.98959829327413
2026-03-22 05:00:00+00:00,,,84.94,3.6,0.0,8.322932,2.957575757575759,-227.08742438023066,230.04500013780643
2026-03-22 06:00:00+00:00,,,76.52,2.85,0.0,9.255571,-9.912879679773956,-227.08742438023066,217.1745447004567
2026-03-22 07:00:00+00:00,,,38.93,4.0,0.0,10.03167,-49.124411918452694,-227.08742438023066,177.96301246177796
2026-03-22 08:00:00+00:00,,,6.86,5.85,0.0,7.256032,-82.37862830721808,-227.08742438023066,144.7087960730126
2026-03-22 09:00:00+00:00,,,-0.36,8.05,0.0,6.28713,-105.24781341107871,-227.08742438023066,121.83961096915195
2026-03-22 10:00:00+00:00,,,-3.13,10.0,0.0,6.66,769.4444444444445,-227.08742438023066,996.5318688246751
2026-03-22 11:00:00+00:00,,,-1.92,11.65,0.0,7.458606,-38.65814696485623,-227.08742438023066,188.42927741537443
2026-03-22 12:00:00+00:00,,,-6.81,12.65,0.0,7.8149853,254.6875,-227.08742438023066,481.7749243802307
2026-03-22 13:00:00+00:00,,,-0.8,13.55,0.0,8.4963045,-88.2525697503671,-227.08742438023066,138.83485462986357
2026-03-22 14:00:00+00:00,,,9.91,13.95,0.0,8.4963045,-1338.75,-227.08742438023066,-1111.6625756197693
2026-03-22 15:00:00+00:00,,,66.46,14.0,0.0,8.29173,570.6357214934409,-227.08742438023066,797.7231458736716
2026-03-22 16:00:00+00:00,,,114.29,13.85,0.0,8.827344,71.96810111345174,-227.08742438023066,299.0555254936824
2026-03-22 17:00:00+00:00,,,152.88,12.75,0.0,7.0015144,33.764983813106994,-227.08742438023066,260.8524081933376
2026-03-22 18:00:00+00:00,,,162.4,11.4,0.0,6.6405115,6.227106227106227,-227.08742438023066,233.31453060733688
2026-03-22 19:00:00+00:00,,,145.18,10.35,0.0,5.1165614,-10.603448275862071,-227.08742438023066,216.4839761043686
2026-03-22 20:00:00+00:00,,,130.17,10.1,0.0,7.029225,-10.33888965422236,-227.08742438023066,216.7485347260083
2026-03-22 21:00:00+00:00,,,127.77,8.95,0.0,5.6492476,-1.8437427978796883,-227.08742438023066,225.24368158235097
2026-03-22 22:00:00+00:00,,,122.06,7.7,0.0,5.3305535,-4.4689676762933335,-227.08742438023066,222.6184567039373
2026-03-22 23:00:00+00:00,,,112.63,6.6,0.0,4.73506,-7.72570866786827,-227.08742438023066,219.36171571236238
2026-03-23 00:00:00+00:00,,,114.81,6.65,0.0,5.04,1.9355411524460742,-227.08742438023066,229.02296553267672
2026-03-23 01:00:00+00:00,,,116.19,5.7,0.0,3.9763298,1.201985889730861,-227.08742438023066,228.2894102699615
2026-03-23 02:00:00+00:00,,,110.5,5.9,0.0,6.7397914,-4.897151217832862,-227.08742438023066,222.1902731623978
2026-03-23 03:00:00+00:00,,,113.0,5.45,0.0,5.994297,2.262443438914019,-227.08742438023066,229.34986781914466
2026-03-23 04:00:00+00:00,,,131.35,4.95,0.0,3.9477081,16.23893805309733,-227.08742438023066,243.32636243332797
2026-03-23 05:00:00+00:00,,,168.52,4.6,0.0,5.441838,28.29843928435478,-227.08742438023066,255.38586366458543
2026-03-23 06:00:00+00:00,,,183.39,3.75,0.0,3.4763772,8.82387847139805,-227.08742438023066,235.9113028516287
2026-03-23 07:00:00+00:00,,,148.11,4.7,0.0,5.4656014,-19.23769016849336,-227.08742438023066,207.8497342117373
2026-03-23 08:00:00+00:00,,,104.32,6.95,0.0,3.244996,-29.565863209776534,-227.08742438023066,197.52156117045413
2026-03-23 09:00:00+00:00,,,67.83,9.35,0.0,3.4388947,-34.97891104294478,-227.08742438023066,192.10851333728587
2026-03-23 10:00:00+00:00,,,40.36,11.35,0.0,4.1085763,-40.49830458499189,-227.08742438023066,186.58911979523876
2026-03-23 11:00:00+00:00,,,44.39,12.7,0.0,3.319036,9.985133795837475,-227.08742438023066,237.07255817606813
2026-03-23 12:00:00+00:00,,,60.2,13.6,0.0,3.396233,35.61612975895472,-227.08742438023066,262.70355413918537
2026-03-23 13:00:00+00:00,,,74.84,14.1,0.0,4.510787,24.318936877076403,-227.08742438023066,251.40636125730705
2026-03-23 14:00:00+00:00,,,84.2,14.25,0.0,5.920878,12.5066809192945,-227.08742438023066,239.59410529952515
2026-03-23 15:00:00+00:00,,,106.9,14.1,0.0,6.6794305,26.959619952494073,-227.08742438023066,254.04704433272474
2026-03-23 16:00:00+00:00,,,156.52,13.7,0.0,6.849467,46.417212347988766,-227.08742438023066,273.50463672821945
2026-03-23 17:00:00+00:00,,,209.08,12.9,0.0,5.9427266,33.58037311525683,-227.08742438023066,260.6677974954875
2026-03-23 18:00:00+00:00,,,227.84,11.65,0.0,7.6367526,8.972642050889611,-227.08742438023066,236.06006643112028
2026-03-23 19:00:00+00:00,,,193.34,10.75,0.0,7.491114,-15.14220505617978,-227.08742438023066,211.94521932405087
2026-03-23 20:00:00+00:00,,,160.5,8.95,0.0,3.9966488,-16.98562118547636,-227.08742438023066,210.1018031947543
2026-03-23 21:00:00+00:00,,,148.18,8.3,0.0,1.8,-7.676012461059189,-227.08742438023066,219.41141191917146
2026-03-23 22:00:00+00:00,,,133.31,8.0,0.0,5.5216303,-10.035092455122152,-227.08742438023066,217.05233192510852
2026-03-23 23:00:00+00:00,,,125.36,8.0,0.0,8.490582,-5.963543620133526,-227.08742438023066,221.12388076009714
2026-03-24 00:00:00+00:00,,,109.55,8.55,0.0,9.227524,-12.611678366305046,-227.08742438023066,214.4757460139256
2026-03-24 01:00:00+00:00,,,95.8,8.05,0.0,10.385547,-12.551346417161113,-227.08742438023066,214.53607796306954
2026-03-24 02:00:00+00:00,,,89.11,7.55,0.0,11.599879,-6.98329853862213,-227.08742438023066,220.10412584160852
2026-03-24 03:00:00+00:00,,,88.19,7.2,0.0,11.712454,-1.0324318258332466,-227.08742438023066,226.05499255439742
2026-03-24 04:00:00+00:00,,,91.65,7.05,0.0,12.570394,3.9233473182900713,-227.08742438023066,231.01077169852073
2026-03-24 05:00:00+00:00,,,106.8,6.95,0.0,13.356437,16.53027823240587,-227.08742438023066,243.61770261263652
2026-03-24 06:00:00+00:00,,,113.28,7.2,0.0,14.98331,6.067415730337089,-227.08742438023066,233.15484011056776
2026-03-24 07:00:00+00:00,,,97.8,7.85,0.0,15.048042,-13.665254237288138,-227.08742438023066,213.42217014294252
2026-03-24 08:00:00+00:00,,,70.21,8.75,0.0,12.383424,-28.210633946830267,-227.08742438023066,198.8767904334004
2026-03-24 09:00:00+00:00,,,22.71,10.25,0.0,14.481893,-67.65418031619427,-227.08742438023066,159.4332440640364
2026-03-24 10:00:00+00:00,,,3.0,11.5,0.0,16.848038,-86.78996036988111,-227.08742438023066,140.29746401034953
2026-03-24 11:00:00+00:00,,,1.43,12.5,0.0,18.138071,-52.33333333333334,-227.08742438023066,174.75409104689732
2026-03-24 12:00:00+00:00,,,3.03,14.4,0.0,18.762356,111.88811188811188,-227.08742438023066,338.9755362683425
2026-03-24 13:00:00+00:00,,,4.49,14.95,0.0,19.59356,48.18481848184819,-227.08742438023066,275.2722428620788
2026-03-24 14:00:00+00:00,,,18.24,15.35,0.0,20.073833,306.2360801781737,-227.08742438023066,533.3235045584044
2026-03-24 15:00:00+00:00,,,65.38,15.2,0.0,20.073833,258.4429824561404,-227.08742438023066,485.53040683637107
2026-03-24 16:00:00+00:00,,,89.65,14.7,0.0,18.79255,37.1214438666259,-227.08742438023066,264.2088682468566
2026-03-24 17:00:00+00:00,,,119.42,14.05,0.0,19.570396,33.20691578360289,-227.08742438023066,260.29434016383357
2026-03-24 18:00:00+00:00,,,136.44,13.65,0.0,19.719656,14.25221905878411,-227.08742438023066,241.33964343901476
2026-03-24 19:00:00+00:00,,,102.53,13.25,0.0,21.980644,-24.853415420697743,-227.08742438023066,202.2340089595329
2026-03-24 20:00:00+00:00,,,77.01,12.8,0.0,23.582748,-24.89027601677557,-227.08742438023066,202.19714836345509
2026-03-24 21:00:00+00:00,,,68.8,12.3,0.0,24.16898,-10.660953122971051,-227.08742438023066,216.4264712572596
2026-03-24 22:00:00+00:00,,,29.16,11.75,0.0,24.817816,-57.61627906976744,-227.08742438023066,169.4711453104632
