timestamp,price_No,price_Yes,d_price_No,d_price_Yes,d_price_Yes_nuclear,d_Country Hourly - Belgium,d_BE Temp (C),d_BE Precipitation (mm),d_BE Wind Speed (km/h),d_pct_BE_actual_load,d_pct_BE_forecast_load,d_pct_BE_forecast_vs_actual_load
2025-01-03 00:00:00+00:00,0.81,0.19,0.010000000000000009,-0.010000000000000009,-0.010000000000000009,4.8487499999999955,-2.216667,-8.0,2.8114023,-13.316116985285342,-23.7493482957416,-3.4333228058241794
2025-01-04 00:00:00+00:00,0.8200000000000001,0.18,0.010000000000000009,-0.010000000000000009,-0.010000000000000009,1.586666666666659,0.31666666,0.1,-3.603176,-9.580757203183566,-10.191763781129337,-4.30518855763834
2025-01-05 00:00:00+00:00,0.8200000000000001,0.18,0.0,0.0,0.0,-68.95083333333332,6.5812497,26.299997,13.291141,1.4266815932375776,6.729069760238426,1.2556299709798546
2025-01-06 00:00:00+00:00,0.81,0.19,-0.010000000000000009,0.010000000000000009,0.010000000000000009,-13.336666666666659,0.98333406,-21.099998,5.2416306,12.479936888415777,12.77776678773407,1.3937470988883427
2025-01-07 00:00:00+00:00,0.81,0.19,0.0,0.0,0.0,40.555416666666666,-5.768751,-0.5000005,-8.96067,-4.864087513224713,-3.0692028087376597,3.1931133798152045
2025-01-08 00:00:00+00:00,0.8200000000000001,0.18,0.010000000000000009,-0.010000000000000009,-0.010000000000000009,30.53125,-1.5124993,7.900001,-7.031514,-0.08309971758060364,-5.783961319600528,-2.3229042902018993
2025-01-09 00:00:00+00:00,0.8,0.2,-0.020000000000000018,0.020000000000000018,0.020000000000000018,-4.744166666666672,-1.0250001,-1.499999,2.0112638,-4.066618728764137,-1.6678057270525848,0.04323706596751631
2025-01-10 00:00:00+00:00,0.8,0.2,0.0,0.0,0.0,7.782499999999999,-1.70625,-11.200002,-3.706748,1.0645923448140748,0.48831632290970983,-0.5293441541975419
2025-01-11 00:00:00+00:00,0.8,0.2,0.0,0.0,0.0,-4.578749999999999,-0.39375055,0.0,-3.0279498,-6.565135622278251,-8.456395476151346,-2.561125855362467
2025-01-12 00:00:00+00:00,0.8,0.2,0.0,0.0,0.0,2.5925000000000153,2.2187505,0.0,-3.707252,0.43955076472402776,4.166525452397829,1.3343613430913503
2025-01-13 00:00:00+00:00,0.8,0.2,0.0,0.0,0.0,16.737499999999997,-2.1770835,0.0,0.48045635,16.4040039588346,16.345172882138414,1.1008656264794525
2025-01-14 00:00:00+00:00,0.81,0.19,0.010000000000000009,-0.010000000000000009,-0.010000000000000009,7.333749999999981,1.2916669,0.0,5.485792,-5.89075323482413,-9.452110769465127,-2.1905935778938734
2025-01-15 00:00:00+00:00,0.81,0.19,0.0,0.0,0.0,49.69416666666666,3.5062497,0.3,-4.939753,-7.991245763285848,-3.823715836323538,1.8505518180433778
2025-01-16 00:00:00+00:00,0.8,0.2,-0.010000000000000009,0.010000000000000009,0.010000000000000009,-44.60708333333332,-0.94166636,-0.3,0.42333174,3.119099199964781,-0.2637704983768918,-1.5141276124729708
2025-01-17 00:00:00+00:00,0.8,0.2,0.0,0.0,0.0,2.076666666666682,-2.7166667,0.0,-1.8473802,1.2546479776814667,1.471563243879348,-1.2642020598321535
2025-01-18 00:00:00+00:00,0.8,0.2,0.0,0.0,0.0,-10.306666666666672,-0.6125,0.0,2.2782874,-8.687789691049751,-7.013036196278444,0.3718997236409005
2025-01-19 00:00:00+00:00,0.8,0.2,0.0,0.0,0.0,-4.727916666666658,-0.5208335,0.0,-2.282948,0.2442488626776207,2.5361097484629775,2.7515601952843194
2025-01-20 00:00:00+00:00,0.81,0.19,0.010000000000000009,-0.010000000000000009,-0.010000000000000009,82.30250000000001,0.7416668,0.6,1.5014844,23.309427490731284,14.449680015274192,-5.302100159121991
2025-01-21 00:00:00+00:00,0.81,0.19,0.0,0.0,0.0,-47.98875000000004,0.99791676,-0.6,2.8273044,-16.355901113576564,-7.382861007517216,2.5993666786874092
2025-01-22 00:00:00+00:00,0.81,0.19,0.0,0.0,0.0,-10.449999999999989,3.74375,11.0,4.1075835,-0.6090378411600539,-4.312435613965193,-0.9136094968300146
2025-01-23 00:00:00+00:00,0.81,0.19,0.0,0.0,0.0,-45.32791666666667,1.1687496,-6.6,6.78191,-1.3652940770817468,0.24139572199820547,0.6515240479904705
2025-01-24 00:00:00+00:00,0.81,0.19,0.0,0.0,0.0,-28.17791666666666,2.5958328,7.1999993,1.7604275,-1.2508457804162654,0.08158633481375466,1.991454463326292
2025-01-25 00:00:00+00:00,0.81,0.19,0.0,0.0,0.0,15.371250000000003,-0.5625,8.000001,-9.352893,-6.430693042286205,-8.667285024108939,-0.2580757670627931
2025-01-26 00:00:00+00:00,0.79,0.21,-0.020000000000000018,0.01999999999999999,0.01999999999999999,-13.14,-2.704166,-16.5,5.3939943,7.574682461697002,6.626626851626682,-1.1874598731245523
2025-01-27 00:00:00+00:00,0.8,0.2,0.010000000000000009,-0.009999999999999981,-0.009999999999999981,-28.00083333333334,4.822917,-0.2999997,8.873257,11.32438136981667,15.86538406411403,2.9778517103110302
2025-01-28 00:00:00+00:00,0.79,0.21,-0.010000000000000009,0.009999999999999981,0.009999999999999981,17.200416666666662,-1.4500003,-2.1999998,-2.5249767,-10.365682418368548,-11.770573008734786,1.9713037232240604
2025-01-29 00:00:00+00:00,0.81,0.19,0.020000000000000018,-0.01999999999999999,-0.01999999999999999,30.05916666666667,-0.6499996,6.9,-6.283144,0.2845898434614358,-1.1880286331104606,0.4914997290740519
2025-01-30 00:00:00+00:00,0.81,0.19,0.0,0.0,0.0,28.78958333333334,-1.8999996,1.7000017,-7.0296717,4.878255249078755,1.4680877331335496,-2.8846804551979632
2025-01-31 00:00:00+00:00,0.79,0.21,-0.020000000000000018,0.01999999999999999,0.01999999999999999,9.260416666666657,-2.2750008,-9.200002,0.1674223,-3.7214762528635426,-0.9010163346941935,-0.1103709818456311
2025-02-01 00:00:00+00:00,0.8,0.2,0.010000000000000009,-0.009999999999999981,-0.009999999999999981,-4.777500000000003,-1.275,0.0,-2.573236,-7.274222182272993,-9.257900933716934,-2.2373627323168277
2025-02-02 00:00:00+00:00,0.8,0.2,0.0,0.0,0.0,2.2529166666666924,-0.8125,0.0,-2.084381,5.515071165315888,6.271096709124535,-1.3196247867607314
2025-02-03 00:00:00+00:00,0.8,0.2,0.0,0.0,0.0,16.314166666666665,0.97916675,0.0,3.1249437,13.730315777405544,17.361682617483687,1.9563271877280575
2025-02-04 00:00:00+00:00,0.8,0.2,0.0,0.0,0.0,-10.855000000000018,0.11249995,0.0,5.3646646,-12.651496874950563,-14.68077477969334,0.25821551720666136
2025-02-05 00:00:00+00:00,0.8049999999999999,0.195,0.004999999999999893,-0.0050000000000000044,-0.0050000000000000044,5.355416666666656,1.6854168,0.0,-4.65899,0.25469254929730845,-1.2901778259915897,-1.2578553611784282
2025-02-06 00:00:00+00:00,0.81,0.19,0.0050000000000001155,-0.0050000000000000044,-0.0050000000000000044,-3.4258333333333155,0.40833354,0.3,3.1054726,-0.24787604652916073,3.1234344225402166,2.0293940754192885
2025-02-07 00:00:00+00:00,0.81,0.19,0.0,0.0,0.0,-10.36708333333334,-0.4562502,-0.3,6.469823,-0.25441223668638546,-2.5840231830253857,-0.2386119856417679
2025-02-08 00:00:00+00:00,0.81,0.19,0.0,0.0,0.0,-1.2724999999999795,3.0145833,0.0,-8.864852,-10.894362823937886,-9.549304517774505,1.23063085410966
2025-02-09 00:00:00+00:00,0.81,0.19,0.0,0.0,0.0,4.139999999999986,-2.0020833,1.5000001,-6.124771,9.409225681846522,6.737399048689875,-1.5970045245060294
2025-02-10 00:00:00+00:00,0.81,0.19,0.0,0.0,0.0,21.99541666666667,-1.7958336,6.2999997,10.086859,15.970796606706594,19.314939221410867,1.532788268798535
2025-02-11 00:00:00+00:00,0.81,0.19,0.0,0.0,0.0,-4.822083333333325,0.46041656,5.700002,-1.7422695,-11.846453101859655,-14.94763802200232,-1.2940246566793157
2025-02-12 00:00:00+00:00,0.8200000000000001,0.18,0.010000000000000009,-0.010000000000000009,-0.010000000000000009,2.432499999999976,0.42500043,-13.100002,-5.069749,-3.177291850280095,-0.724774955222296,1.1239227988989797
2025-02-13 00:00:00+00:00,0.81,0.19,-0.010000000000000009,0.010000000000000009,0.010000000000000009,7.38624999999999,-2.2062502,0.0,1.4647098,-0.010823921077762755,1.137342280073672,2.2933739134353925
2025-02-14 00:00:00+00:00,0.86,0.14,0.04999999999999993,-0.04999999999999999,-0.04999999999999999,-0.6695833333333212,-1.6458335,-0.4,-0.14815903,-3.7364966654929055,-1.7855502136821744,4.527535671778282
2025-02-15 00:00:00+00:00,0.855,0.14500000000000002,-0.0050000000000000044,0.0050000000000000044,0.0050000000000000044,-32.19999999999999,0.86875,0.2,0.5319333,3.885020727863453,-8.350678963565317,-8.605342915597081
2025-02-16 00:00:00+00:00,0.85,0.15,-0.0050000000000000044,0.004999999999999977,0.004999999999999977,-0.15833333333335986,-0.3125,0.3,3.8019228,-2.2623393466457586,6.0771638069185165,0.33517929264180735
2025-02-17 00:00:00+00:00,0.86,0.14,0.010000000000000009,-0.009999999999999981,-0.009999999999999981,19.73333333333335,-0.9125001,-0.5,-2.4892435,17.198386417593735,14.944728151337417,-1.6554133232800083
2025-02-18 00:00:00+00:00,0.85,0.15,-0.010000000000000009,0.009999999999999981,0.009999999999999981,-19.774166666666645,0.3854166,0.0,1.5180054,-13.40910858505271,-10.684487579677281,0.7701461994416681
2025-02-19 00:00:00+00:00,0.859,0.141,0.009000000000000008,-0.009000000000000008,-0.009000000000000008,-11.279166666666683,3.1812503,0.0,-0.50421906,-1.7657918532924866,-1.972400945902797,0.5867424776347829
2025-02-20 00:00:00+00:00,0.84,0.16,-0.019000000000000017,0.019000000000000017,0.019000000000000017,-20.53,5.687499,0.0,4.4501276,-4.412270625624625,-1.405361066805766,3.735389413871537
2025-02-21 00:00:00+00:00,0.84,0.16,0.0,0.0,0.0,-18.82625,4.989584,0.5,1.6226435,0.6591117705922684,-5.595255744883532,-2.834172969809101
2025-02-22 00:00:00+00:00,0.84,0.16,0.0,0.0,0.0,2.350833333333341,-2.9312506,1.5,-1.0098772,-3.0661523170010803,-0.17706030564264008,0.25508918228359656
2025-02-23 00:00:00+00:00,0.85,0.15000000000000002,0.010000000000000009,-0.009999999999999981,-0.009999999999999981,-1.7504166666666663,-0.7145834,-2.0,-0.32336426,5.027562326421242,5.492156514832147,0.7167095383879052
2025-02-24 00:00:00+00:00,0.86,0.14,0.010000000000000009,-0.010000000000000009,-0.010000000000000009,8.044583333333335,0.47291756,1.4000001,4.112561,11.962089084306339,16.926230933353526,5.186138400601847
2025-02-25 00:00:00+00:00,0.85,0.15000000000000002,-0.010000000000000009,0.010000000000000009,0.010000000000000009,37.014166666666654,-2.0062504,5.4,-9.142488,-7.422288916245457,-14.068521927419141,-1.0124490947602593
2025-02-26 00:00:00+00:00,0.84,0.16,-0.010000000000000009,0.009999999999999981,0.009999999999999981,-4.444166666666661,-1.718749,-2.6000004,4.8204327,-1.7484671050704392,-0.005649460527279437,0.7942934889078268
2025-02-27 00:00:00+00:00,0.86,0.14,0.020000000000000018,-0.01999999999999999,-0.01999999999999999,0.06333333333333258,-1.629168,-2.1,0.32149124,1.9181772096993344,-1.2080669247637954,-2.4326608019266116
2025-02-28 00:00:00+00:00,0.855,0.14500000000000002,-0.0050000000000000044,0.0050000000000000044,0.0050000000000000044,1.9808333333333366,0.03750038,-1.6999999,-4.0985956,-1.6571998358139384,-1.9657156754073757,-2.7308212532583753
2025-03-01 00:00:00+00:00,0.85,0.15,-0.0050000000000000044,0.004999999999999977,0.004999999999999977,-5.995833333333337,-2.225,-0.4,-2.1287193,-8.214586966054537,-3.129079337419172,2.6157414813383295
2025-03-02 00:00:00+00:00,0.85,0.15,0.0,0.0,0.0,-26.514583333333334,0.6916666,0.0,-1.8905611,5.807374790325237,4.043243917032081,0.6794435176546543
2025-03-03 00:00:00+00:00,0.84,0.16,-0.010000000000000009,0.010000000000000009,0.010000000000000009,22.9225,0.7000003,0.0,-3.7723784,14.881320569077495,12.330981847881983,-1.736997286036357
2025-03-04 00:00:00+00:00,0.85,0.15,0.010000000000000009,-0.010000000000000009,-0.010000000000000009,-4.721249999999998,1.3749995,0.0,1.4954319,-14.170966136219832,-9.716576599804295,2.624493855611676
2025-03-05 00:00:00+00:00,0.83,0.17,-0.020000000000000018,0.020000000000000018,0.020000000000000018,-21.542500000000004,2.3416667,0.0,1.7777958,-0.4113617820250992,-2.7683654206129504,0.20813608587553212
2025-03-06 00:00:00+00:00,0.85,0.15,0.020000000000000018,-0.020000000000000018,-0.020000000000000018,-1.61666666666666,2.2562509,0.0,4.7732177,-0.2883063795565244,-0.5326535632008911,-0.0508488312281008
2025-03-07 00:00:00+00:00,0.84,0.16,-0.010000000000000009,0.010000000000000009,0.010000000000000009,7.27624999999999,1.0270815,0.0,-0.6390333,-1.5814276066420718,-1.4931812584200288,0.04374413379506503
2025-03-08 00:00:00+00:00,0.83,0.17,-0.010000000000000009,0.010000000000000009,0.010000000000000009,-18.68374999999999,0.61250114,0.0,-0.49760914,-4.515314356569489,-5.312796862242563,-0.8591338880552968
2025-03-09 00:00:00+00:00,0.83,0.17,0.0,0.0,0.0,-4.482916666666668,-0.50208473,0.0,-2.035819,5.66803384532486,6.664360785594147,0.2536451525704475
2025-03-10 00:00:00+00:00,0.83,0.17,0.0,0.0,0.0,36.77583333333334,-1.1395817,0.0,-3.4831862,17.083831033161132,16.278803936571574,-0.5112849516625495
2025-03-11 00:00:00+00:00,0.84,0.16,0.010000000000000009,-0.010000000000000009,-0.010000000000000009,7.819999999999993,-4.6375,0.3,4.2986236,-9.856597578109794,-11.227052291133543,-1.905465497228831
2025-03-12 00:00:00+00:00,0.84,0.16,0.0,0.0,0.0,4.359999999999999,-1.7333336,1.3999999,-2.7248945,-3.954082780172641,-1.6092236697569096,0.4102746480455277
2025-03-13 00:00:00+00:00,0.84,0.16,0.0,0.0,0.0,5.76166666666667,-0.77083325,0.6,-0.31833935,1.5556135166390872,0.3005012185549827,-0.8401769679422078
2025-03-14 00:00:00+00:00,0.83,0.17,-0.010000000000000009,0.010000000000000009,0.010000000000000009,-3.855000000000004,-0.23125029,-2.3,2.774454,-1.8455467136656356,-3.107098789210283,-2.1132664067454843
2025-03-15 00:00:00+00:00,0.835,0.165,0.0050000000000000044,-0.0050000000000000044,-0.0050000000000000044,-28.650833333333324,-0.07291651,0.0,5.38678,-10.372702543233192,-5.286332421419859,3.2604441958926533
2025-03-16 00:00:00+00:00,0.84,0.16,0.0050000000000000044,-0.0050000000000000044,-0.0050000000000000044,-17.777500000000018,1.3687503,0.0,-1.8481913,4.368270471407222,3.9516117568756393,2.7629682419209933
2025-03-17 00:00:00+00:00,0.83,0.17,-0.010000000000000009,0.010000000000000009,0.010000000000000009,34.651250000000005,1.0333328,0.1,-0.83188057,19.68689555915568,13.633054556959511,-3.200269661181876
2025-03-18 00:00:00+00:00,0.835,0.165,0.0050000000000000044,-0.0050000000000000044,-0.0050000000000000044,-23.165833333333325,-0.5500002,-0.1,0.9129076,-14.807867741999303,-8.99523586397326,2.369373602364755
2025-03-19 00:00:00+00:00,0.84,0.16,0.0050000000000000044,-0.0050000000000000044,-0.0050000000000000044,9.387500000000003,4.910416,0.0,-3.7200346,-0.7569300059867778,-3.487686314173566,-0.4319762070098543
2025-03-20 00:00:00+00:00,0.84,0.16,0.0,0.0,0.0,-5.478333333333339,2.135415,0.0,-1.6499515,-1.1550887413985467,0.2254223395217747,1.0295281411742963
2025-03-21 00:00:00+00:00,0.84,0.16,0.0,0.0,0.0,-28.61541666666667,1.8291702,0.0,4.877172,-9.959066713968145,-0.5243590326926117,12.42339992400503
2025-03-22 00:00:00+00:00,0.84,0.16,0.0,0.0,0.0,-15.46,0.35833073,0.1,-1.3697548,15.247824350596872,-9.08248230324029,-15.841031078911772
2025-03-23 00:00:00+00:00,0.84,0.16,0.0,0.0,0.0,26.87124999999999,-2.1020823,-0.1,-1.9163761,-6.768913221993889,7.9769435362874175,0.8636337814914574
2025-03-24 00:00:00+00:00,0.838,0.162,-0.0020000000000000018,0.0020000000000000018,0.0020000000000000018,49.900000000000006,-1.5354176,0.1,-2.349094,8.37771646722192,19.530589431221344,11.687485370236562
2025-03-25 00:00:00+00:00,0.836,0.164,-0.0020000000000000018,0.0020000000000000018,0.0020000000000000018,-13.177083333333329,-1.3583326,0.5,1.7285161,1.6549256172142979,-15.32133830260176,-5.359844374065603
2025-03-26 00:00:00+00:00,0.834,0.166,-0.0020000000000000018,0.0020000000000000018,0.0020000000000000018,3.4495833333333366,-0.083333015,-0.3,0.69335747,-0.30855185520202166,-1.1477749264003578,-5.980322790899706
2025-03-27 00:00:00+00:00,0.832,0.168,-0.0020000000000000018,0.0020000000000000018,0.0020000000000000018,-16.32916666666668,-0.4250002,-0.3,-6.9193583,-2.104422629743774,-0.8225083338491035,-4.499245867944934
2025-03-28 00:00:00+00:00,0.83,0.17,-0.0020000000000000018,0.0020000000000000018,0.0020000000000000018,-9.773749999999993,-0.54791594,6.2000003,7.4862795,-5.195027696737176,-1.9083392405491062,-1.2645916433476567
2025-03-29 00:00:00+00:00,0.84,0.16,0.010000000000000009,-0.010000000000000009,-0.010000000000000009,-12.24166666666666,0.33333254,-6.2000003,0.7251358,-8.839063412051829,-2.6783221478146495,5.264276678566904
2025-04-01 00:00:00+00:00,0.83,0.17,-0.0033333333333332993,0.003333333333333327,0.003333333333333327,-16.965000000000003,-0.083333015,0.0,4.693762,-1.523174990918208,-9.979518661233122,-5.895989342968122
2025-04-02 00:00:00+00:00,0.835,0.165,0.0050000000000000044,-0.0050000000000000044,-0.0050000000000000044,-28.556666666666665,3.0145836,0.0,3.411252,-4.087531005937217,-2.1158640748977775,-3.8580929246395557
2025-04-03 00:00:00+00:00,0.84,0.16,0.0050000000000000044,-0.0050000000000000044,-0.0050000000000000044,24.357916666666675,2.8812504,0.0,-5.0601377,-3.2068929764119236,3.212571114229823,2.4142758348748683
2025-04-04 00:00:00+00:00,0.8375,0.1625,-0.0024999999999999467,0.0025000000000000022,0.0025000000000000022,5.929999999999978,1.6416664,0.0,-2.1935425,1.9160623459998805,-0.17741828527053638,0.38025598104283187
2025-04-05 00:00:00+00:00,0.835,0.165,-0.0025000000000000577,0.0025000000000000022,0.0025000000000000022,-31.83666666666666,-2.2770834,0.0,3.1528664,-8.688879965922236,-7.817444861490519,1.3549509604792287
2025-04-06 00:00:00+00:00,0.8325,0.1675,-0.0024999999999999467,0.0025000000000000022,0.0025000000000000022,-11.4775,-3.802084,0.0,0.7008982,6.923815579045966,3.1106620131626794,-2.5869055713374056
2025-04-07 00:00:00+00:00,0.83,0.17,-0.0025000000000000577,0.0025000000000000022,0.0025000000000000022,53.091249999999995,-1.0812502,0.0,-4.9476595,16.320287825107215,16.81213884407784,-1.7448968493485655
2025-04-08 00:00:00+00:00,0.84,0.16,0.010000000000000009,-0.010000000000000009,-0.010000000000000009,-2.444583333333327,2.4083328,0.0,-1.3483477,-15.742152764077945,-8.689168636576872,4.8102283716128795
2025-04-09 00:00:00+00:00,0.83,0.17,-0.010000000000000009,0.010000000000000009,0.010000000000000009,-10.306250000000006,-1.541666,0.0,2.1211462,2.0312029117204866,-3.171649063311177,-0.2092538251693199
2025-04-10 00:00:00+00:00,0.83,0.17,0.0,0.0,0.0,3.057916666666671,-0.26874924,0.0,-1.2301264,0.6739529760155349,-0.6195049246212836,-1.479192149599473
2025-04-11 00:00:00+00:00,0.83,0.17,0.0,0.0,0.0,-4.807083333333338,1.9104156,0.0,-3.7693582,-3.9883143439630953,-0.3695635054277835,2.131711499894451
2025-04-12 00:00:00+00:00,0.84,0.16,0.010000000000000009,-0.010000000000000009,-0.010000000000000009,-24.532083333333325,5.10625,0.0,7.3076806,-9.534005897535579,-9.277829946522033,2.7058032223978623
2025-04-13 00:00:00+00:00,0.84,0.16,0.0,0.0,0.0,-12.11416666666667,-2.6812496,2.4,2.4348192,7.831254600355841,3.6725461489306,-1.9250273033796228
2025-04-14 00:00:00+00:00,0.84,0.16,0.0,0.0,0.0,49.19583333333334,-0.32916546,-2.3000002,-7.2597623,6.204418986736515,17.480468496783452,9.414888276814292
2025-04-15 00:00:00+00:00,0.84,0.16,0.0,0.0,0.0,-15.35666666666667,1.7749968,0.0,6.0027127,4.179729252801678,-8.179235600894797,-2.99122776093943
2025-04-16 00:00:00+00:00,0.84,0.16,0.0,0.0,0.0,11.13666666666667,-4.2958307,-0.1,-4.6404963,2.265631993016193,-3.0331039804207593,-8.109141264148722
2025-04-17 00:00:00+00:00,0.85,0.15,0.010000000000000009,-0.010000000000000009,-0.010000000000000009,14.655000000000001,-1.0979166,0.8,-4.810228,-5.566363996050017,-0.2150066963363617,-2.7268905254207443
2025-04-18 00:00:00+00:00,0.85,0.15,0.0,0.0,0.0,-10.548750000000013,1.3416681,-0.8,2.8204331,-7.017069465922699,-2.0336991933483706,2.1860513539184945
2025-04-19 00:00:00+00:00,0.85,0.15,0.0,0.0,0.0,-25.248333333333328,1.0187492,0.0,4.8942537,-8.397166177007097,-8.215526556788742,2.654984435164809
2025-04-20 00:00:00+00:00,0.85,0.15,0.0,0.0,0.0,13.099166666666669,-0.18958473,2.5,-5.0645604,8.233610445323258,5.398908903793131,-0.5184631455871891
2025-04-21 00:00:00+00:00,0.85,0.15,0.0,0.0,0.0,9.191249999999997,-0.095832825,-0.79999995,0.3622055,6.104952143132492,3.5151274881374706,-3.057535205317796
2025-04-22 00:00:00+00:00,0.845,0.155,-0.0050000000000000044,0.0050000000000000044,0.0050000000000000044,22.82083333333334,0.66458416,-1.7,0.8931222,13.986195587493544,12.768225524871223,-3.6395228734999225
2025-04-23 00:00:00+00:00,0.84,0.16,-0.0050000000000000044,0.0050000000000000044,0.0050000000000000044,-2.4054166666666674,-1.406251,3.0,-1.7211614,-12.146813151746084,-9.044963777380287,-1.0881593387416686
2025-04-24 00:00:00+00:00,0.845,0.155,0.0050000000000000044,-0.0050000000000000044,-0.0050000000000000044,-10.596666666666678,-0.3916664,6.2000017,5.478255,-2.438520047348436,1.650763357760332,2.670568544009633
2025-04-25 00:00:00+00:00,0.85,0.15,0.0050000000000000044,-0.0050000000000000044,-0.0050000000000000044,-5.431666666666658,0.5333338,-9.200002,-2.811019,-3.46098311736851,-6.548052904004853,-0.18853162658174494
2025-04-26 00:00:00+00:00,0.845,0.155,-0.0050000000000000044,0.0050000000000000044,0.0050000000000000044,-27.558749999999996,0.89791584,0.0,-0.06512451,-9.579383987539758,-6.305053278259521,3.3495537552624355
2025-04-27 00:00:00+00:00,0.84,0.16,-0.0050000000000000044,0.0050000000000000044,0.0050000000000000044,-32.62583333333334,2.5687504,0.0,-3.7314868,8.046593247071188,3.399117073274139,-1.6131383236969388
2025-04-28 00:00:00+00:00,0.85,0.15,0.010000000000000009,-0.010000000000000009,-0.010000000000000009,43.30541666666667,0.89999866,0.0,1.3069844,17.678886716615217,16.222944898768375,-2.588522353846112
2025-04-29 00:00:00+00:00,0.835,0.165,-0.015000000000000013,0.015000000000000013,0.015000000000000013,-2.731250000000003,1.8479195,0.0,2.2586756,-16.875753907360036,-7.119925565018016,6.593166961615671
2025-04-30 00:00:00+00:00,0.84,0.16,0.0050000000000000044,-0.0050000000000000044,-0.0050000000000000044,5.858750000000001,2.1749973,0.0,-2.2727175,4.9246928137361206,-0.8860560958787067,0.92066257270218
2025-05-01 00:00:00+00:00,0.85,0.15,0.010000000000000009,-0.010000000000000009,-0.010000000000000009,-29.193333333333342,2.5791664,0.0,-0.20702314,-14.374101221603718,-18.086974417902535,-3.2629375691585194
2025-05-02 00:00:00+00:00,0.85,0.15,0.0,0.0,0.0,20.942916666666676,-0.5166664,0.0,3.9879203,18.31561541224307,22.203460945932118,1.0300312186409588
2025-05-03 00:00:00+00:00,0.85,0.15,0.0,0.0,0.0,-14.725416666666675,-6.3062496,1.9000001,-0.43949413,-9.427921714328292,-11.98460922802247,-1.5149424899266295
2025-05-04 00:00:00+00:00,0.835,0.16499999999999998,-0.015000000000000013,0.014999999999999986,0.014999999999999986,-17.57208333333333,-4.41875,-1.1,2.7965584,0.22889321984115307,2.966030827675603,1.306622046344219
2025-05-05 00:00:00+00:00,0.8200000000000001,0.18,-0.014999999999999902,0.015000000000000013,0.015000000000000013,33.52583333333333,-1.0583324,-0.8000001,0.19975948,16.491629007594344,16.10182610034029,0.78663137758197
2025-05-06 00:00:00+00:00,0.8,0.2,-0.020000000000000018,0.020000000000000018,0.020000000000000018,11.203750000000014,1.0333328,0.0,0.8305073,-14.328231843595374,-14.02359311704895,1.218252383783458
2025-05-07 00:00:00+00:00,0.83,0.17,0.029999999999999916,-0.03,-0.03,10.719166666666666,0.77916527,0.0,-1.5974617,2.3282676175935046,3.179955670739476,2.0636579744855332
2025-05-08 00:00:00+00:00,0.83,0.17,0.0,0.0,0.0,-0.06875000000000853,2.1437511,0.0,-0.108198166,-0.9447294257782568,-5.512424645372516,-2.6191889935980317
2025-05-09 00:00:00+00:00,0.81,0.19,-0.019999999999999907,0.01999999999999999,0.01999999999999999,-17.95375,0.46458435,0.0,0.986866,-1.9898600357094898,-0.2490870984604432,-0.8067246567518005
2025-05-10 00:00:00+00:00,0.83,0.17,0.019999999999999907,-0.01999999999999999,-0.01999999999999999,-28.666250000000005,1.9145803,0.0,-1.6319427,-9.282012308991927,-9.836122657477885,-1.5106708721981277
2025-05-11 00:00:00+00:00,0.85,0.15,0.020000000000000018,-0.020000000000000018,-0.020000000000000018,-54.30041666666666,2.7937527,0.0,-0.29080105,9.029621020685243,10.845727809931004,0.4869072669233643
2025-05-12 00:00:00+00:00,0.84,0.16,-0.010000000000000009,0.010000000000000009,0.010000000000000009,74.97375,0.37916565,0.1,-3.2287407,18.07483157765296,14.56438250138753,-2.602003459419444
2025-05-13 00:00:00+00:00,0.85,0.15,0.010000000000000009,-0.010000000000000009,-0.010000000000000009,7.397916666666667,-0.3041649,-0.1,-1.5545993,-15.698043911703905,-12.891665461511993,-0.21566063660651835
2025-05-14 00:00:00+00:00,0.84,0.16,-0.010000000000000009,0.010000000000000009,0.010000000000000009,-11.97291666666667,-1.5500011,0.0,3.9077659,-1.2083173456333696,3.311053499988681,4.196443214065592
2025-05-15 00:00:00+00:00,0.84,0.16,0.0,0.0,0.0,8.55166666666667,-3.916667,0.0,2.9631166,-0.033634137615523585,-3.5250415575196925,0.8205334497447314
2025-05-16 00:00:00+00:00,0.85,0.15,0.010000000000000009,-0.010000000000000009,-0.010000000000000009,0.23874999999999602,-0.85208416,0.0,-1.069437,-2.5872438142870435,-2.3460304505697915,1.1038095425953243
2025-05-17 00:00:00+00:00,0.86,0.14,0.010000000000000009,-0.009999999999999981,-0.009999999999999981,-6.89458333333333,1.3374987,0.1,-0.5487881,-5.2562386830935175,-8.98663971539586,-3.027187762663419
2025-05-18 00:00:00+00:00,0.85,0.15,-0.010000000000000009,0.009999999999999981,0.009999999999999981,3.1754166666666634,-1.1541653,0.20000002,-4.157321,6.647060153886597,8.776522706196033,-0.566129139566951
2025-05-19 00:00:00+00:00,0.86,0.14,0.010000000000000009,-0.009999999999999981,-0.009999999999999981,18.991250000000008,3.2104177,-0.3,1.4556322,13.540354871479622,17.496703602332108,3.0331549569654115
2025-05-20 00:00:00+00:00,0.86,0.14,0.0,0.0,0.0,-2.076666666666682,0.8770828,0.0,1.346221,-10.297149367811476,-14.950544723075199,-1.2670677987195456
2025-05-21 00:00:00+00:00,0.87,0.13,0.010000000000000009,-0.010000000000000009,-0.010000000000000009,17.227083333333354,-3.1437483,0.2,-2.1067448,1.8012253570246495,0.24012999002551716,-2.7629438108564552
2025-05-22 00:00:00+00:00,0.86,0.14,-0.010000000000000009,0.010000000000000009,0.010000000000000009,-37.04041666666668,-2.1583328,0.2,4.563158,-4.188365514772441,0.3575086801217209,1.725869948006531
2025-05-23 00:00:00+00:00,0.86,0.14,0.0,0.0,0.0,6.895000000000003,-0.70625114,0.099999994,-1.7640839,-1.140406686947093,-2.641879735757713,0.23733239772623094
2025-05-24 00:00:00+00:00,0.87,0.13,0.010000000000000009,-0.010000000000000009,-0.010000000000000009,-23.937500000000007,1.5791664,6.299999,6.618602,-7.928530537825052,-6.722640885619624,1.6072972884294323
2025-05-25 00:00:00+00:00,0.87,0.13,0.0,0.0,0.0,-23.972083333333327,3.5958357,-3.7999992,2.110239,8.402430153292029,4.842001872902402,-2.20576051525021
2025-05-26 00:00:00+00:00,0.87,0.13,0.0,0.0,0.0,38.263333333333335,-1.664588,-2.1,-2.902298,14.068863401211907,17.546843626893228,1.204905631094344
2025-05-27 00:00:00+00:00,0.87,0.13,0.0,0.0,0.0,-5.5816666666666634,-0.033332825,10.5,5.7885876,-9.638877876561992,-13.530335691826313,-2.496998217754076
2025-05-28 00:00:00+00:00,0.86,0.14,-0.010000000000000009,0.010000000000000009,0.010000000000000009,26.393333333333324,1.3479185,-2.6999989,-4.5954075,-5.437571515132311,1.6400924353283441,4.603724499823725
2025-05-29 00:00:00+00:00,0.88,0.12,0.020000000000000018,-0.020000000000000018,-0.020000000000000018,-26.12874999999999,-0.72708416,-8.200001,-4.224066,-8.107851535835353,-15.532021440901644,-3.337253322359024
2025-05-30 00:00:00+00:00,0.87,0.13,-0.010000000000000009,0.010000000000000009,0.010000000000000009,-0.13625000000000398,4.102084,-0.19999999,-1.8661366,15.519371978704278,20.787950363565134,2.2761019157062523
2025-05-31 00:00:00+00:00,0.88,0.12,0.010000000000000009,-0.010000000000000009,-0.010000000000000009,8.4525,0.21666527,7.3999996,-6.078545,-8.154687947986828,-12.862926481000203,-2.4580180160999388
2025-06-01 00:00:00+00:00,0.85,0.15,-0.030000000000000027,0.03,0.03,-25.735416666666666,-2.9937496,-7.2999997,8.328421,1.3598221635815366,3.4059566687532183,-0.281644590991903
2025-06-02 00:00:00+00:00,0.87,0.13,0.020000000000000018,-0.01999999999999999,-0.01999999999999999,41.541666666666664,-1.6333313,0.5,-4.168187,16.929615158262724,16.890163345464593,-0.27360716977279376
2025-06-03 00:00:00+00:00,0.86,0.14,-0.010000000000000009,0.010000000000000009,0.010000000000000009,-24.57541666666667,2.6374989,-0.90000004,4.0912123,-13.665525765391617,-13.021549680070166,0.3214681107738926
2025-06-04 00:00:00+00:00,0.85,0.15,-0.010000000000000009,0.009999999999999981,0.009999999999999981,22.372083333333336,-1.5520849,1.1,-1.4829483,0.7400136609718944,0.45911554294075785,0.045966557704346656
2025-06-05 00:00:00+00:00,0.85,0.15,0.0,0.0,0.0,-1.2475000000000023,-0.6895809,7.9,5.621396,-3.8485317182015644,-3.7562834283407454,0.14141890658567746
2025-06-06 00:00:00+00:00,0.87,0.13,0.020000000000000018,-0.01999999999999999,-0.01999999999999999,-25.427083333333336,0.5104141,-5.6000004,0.10915375,0.42154066961020975,-0.6700171454084081,-0.9636761775136615
2025-06-07 00:00:00+00:00,0.87,0.13,0.0,0.0,0.0,16.23583333333334,-1.4333315,3.5999997,-1.284092,-10.404767478541899,-7.277096384276582,2.4378868405584564
2025-06-08 00:00:00+00:00,0.85,0.15,-0.020000000000000018,0.01999999999999999,0.01999999999999999,-43.29833333333333,-1.0479193,-5.4999995,1.6972485,11.00954736177936,7.551770022676085,-1.3089106369151837
2025-06-09 00:00:00+00:00,0.844,0.156,-0.006000000000000005,0.006000000000000005,0.006000000000000005,23.018749999999997,0.92500305,-1.5000001,-7.8298073,0.5500742459381924,3.2879319619826264,1.4583840665319592
2025-06-10 00:00:00+00:00,0.88,0.12,0.03600000000000003,-0.036000000000000004,-0.036000000000000004,23.445000000000007,1.2937498,0.7,3.165841,15.168941951992231,13.274319873093798,-0.38740280578748454
2025-06-11 00:00:00+00:00,0.88,0.12,0.0,0.0,0.0,6.665416666666658,0.8916664,-0.7,-5.7858562,-14.28111527843696,-12.865522458980472,0.9801780101034163
2025-06-12 00:00:00+00:00,0.84,0.16,-0.040000000000000036,0.04000000000000001,0.04000000000000001,-21.86541666666666,6.2687473,0.0,2.957055,0.47866380018863897,-2.2365603531324885,-1.7538699068331276
2025-06-13 00:00:00+00:00,0.76,0.24,-0.07999999999999996,0.07999999999999999,0.07999999999999999,17.464583333333323,3.654169,0.0,-3.2602873,1.9582627775321493,-0.7612763095287578,-4.335635904115242
2025-06-14 00:00:00+00:00,0.83,0.17,0.06999999999999995,-0.06999999999999998,-0.06999999999999998,-13.819999999999986,-2.2437515,6.2,3.0381489,-15.35480554762021,-6.662433345949836,4.629768806345169
2025-06-15 00:00:00+00:00,0.8180000000000001,0.182,-0.0119999999999999,0.011999999999999983,0.011999999999999983,8.399999999999999,-5.0479145,-5.1,-1.0487099,9.798618797480941,3.8266442181236977,-1.7917092866318818
2025-06-16 00:00:00+00:00,0.8,0.2,-0.018000000000000016,0.018000000000000016,0.018000000000000016,21.056666666666672,0.4437523,-1.1,-1.8645468,16.887014436256553,18.667944121593028,0.037165202146149934
2025-06-17 00:00:00+00:00,0.83,0.17,0.029999999999999916,-0.03,-0.03,-2.4875000000000114,1.9229164,0.0,-2.8202639,-11.839350599085275,-13.625501448066958,-1.6787090886732026
2025-06-18 00:00:00+00:00,0.8200000000000001,0.18,-0.009999999999999898,0.009999999999999981,0.009999999999999981,-1.5670833333333292,-0.39167023,0.0,2.4953804,-2.549037256633513,0.6840264810370034,1.4465260082739184
2025-06-19 00:00:00+00:00,0.8200000000000001,0.18,0.0,0.0,0.0,-11.674583333333345,0.9125004,0.0,1.7141848,0.9024426135155084,-2.038125737495733,-1.4164930980222312
2025-06-20 00:00:00+00:00,0.84,0.16,0.019999999999999907,-0.01999999999999999,-0.01999999999999999,15.029583333333335,0.61458397,0.0,1.3570099,-1.86771079820095,1.6777292205642613,2.054234023883228
2025-06-21 00:00:00+00:00,0.83,0.17,-0.010000000000000009,0.010000000000000009,0.010000000000000009,-13.935833333333335,2.7729187,0.0,-3.6281357,-7.595876210060361,-12.437779160536778,-2.9795607347685604
2025-06-22 00:00:00+00:00,0.85,0.15,0.020000000000000018,-0.020000000000000018,-0.020000000000000018,-32.80249999999999,-1.2208366,0.5,6.820711,3.8325163840518215,11.1349634643374,4.599407770912778
2025-06-23 00:00:00+00:00,0.91,0.09,0.06000000000000005,-0.06,-0.06,1.7133333333333312,-4.854166,0.6,4.828394,16.270591432633097,12.15847510485969,0.40051604353166237
2025-06-24 00:00:00+00:00,0.86,0.14,-0.050000000000000044,0.05000000000000002,0.05000000000000002,17.37708333333333,-0.72499657,-0.70000005,-0.9127865,-11.256601263152021,-10.530508773194924,1.1799393507578193
2025-06-25 00:00:00+00:00,0.9,0.1,0.040000000000000036,-0.04000000000000001,-0.04000000000000001,31.97541666666666,4.7249966,2.7,-9.732272,1.3568699718877086,-0.914903736346262,-1.1103126217831383
2025-06-26 00:00:00+00:00,0.9,0.1,0.0,0.0,0.0,-1.9375,-2.687498,3.9999993,8.6312475,-3.674020611947826,0.13543914935538748,2.798114028089338
2025-06-27 00:00:00+00:00,0.9,0.1,0.0,0.0,0.0,-3.5337499999999835,-1.7854176,-6.0999994,-4.657696,3.4001615569671295,-1.7412140979768953,-2.498982336652511
2025-06-28 00:00:00+00:00,0.9,0.1,0.0,0.0,0.0,-33.262083333333344,2.3916702,-0.7,1.813159,-8.834313573312759,-9.87809725784251,-3.8176807238805566
2025-06-29 00:00:00+00:00,0.89,0.11,-0.010000000000000009,0.009999999999999995,0.009999999999999995,3.492916666666673,1.4520798,-0.3,-6.1250114,4.866197463499345,9.11949453586437,0.7779168503221912
2025-06-30 00:00:00+00:00,0.89,0.11,0.0,0.0,0.0,52.112500000000004,3.7604141,0.0,-1.0354433,16.95080468602074,15.803048665899588,-0.32094228713829276
2025-07-01 00:00:00+00:00,0.89,0.11,0.0,0.0,0.0,46.22166666666668,3.9708385,0.0,0.35406256,-6.953430098482172,-10.930628644506424,-3.9768889481765717
2025-07-02 00:00:00+00:00,0.89,0.11,0.0,0.0,0.0,-34.02250000000002,-4.8562546,3.8999999,2.598827,-7.5354801544008865,-1.9978324818961557,1.1207369906166225
2025-07-03 00:00:00+00:00,0.88,0.12,-0.010000000000000009,0.009999999999999995,0.009999999999999995,-27.46083333333334,-7.191662,-3.8999999,0.31941986,-5.788966117330097,-2.5781170606621773,4.458159801814365
2025-07-04 00:00:00+00:00,0.9,0.1,0.020000000000000018,-0.01999999999999999,-0.01999999999999999,-18.007083333333327,1.4729118,0.0,-5.1222157,4.663592509673931,-0.3010311293548784,-0.5719917728076229
2025-07-05 00:00:00+00:00,0.91,0.09,0.010000000000000009,-0.010000000000000009,-0.010000000000000009,-30.53666666666667,0.20833397,1.2,11.079336,-10.259641595585256,-7.8958717350884555,2.0165859683300313
2025-07-06 00:00:00+00:00,0.91,0.09,0.0,0.0,0.0,34.83791666666668,-2.7895832,10.1,-2.8333416,8.528234227186282,6.961098783696906,0.24084297986213254
2025-07-07 00:00:00+00:00,0.92,0.08,0.010000000000000009,-0.009999999999999995,-0.009999999999999995,-0.6895833333333314,-1.5104151,-6.2000003,-0.51970196,14.048514105987852,15.270922545111741,1.3278627833583467
2025-07-08 00:00:00+00:00,0.9299999999999999,0.07,0.009999999999999898,-0.009999999999999995,-0.009999999999999995,7.602083333333326,-0.8104172,-2.6999998,-0.070658684,-7.29244361305934,-10.054270708196066,-1.2967149778922105
2025-07-09 00:00:00+00:00,0.94,0.06,0.010000000000000009,-0.010000000000000009,-0.010000000000000009,9.436666666666667,2.895833,-2.4,-4.98725,-2.888579056589591,-3.5869519299451813,-2.0198830334580142
2025-07-10 00:00:00+00:00,0.9299999999999999,0.07,-0.010000000000000009,0.010000000000000009,0.010000000000000009,-2.4262500000000102,2.2145824,0.0,-1.1477132,-0.35399793861754514,-0.8503269934897251,-2.477918338220042
2025-07-11 00:00:00+00:00,0.9299999999999999,0.07,0.0,0.0,0.0,1.5362499999999955,1.0562515,0.0,2.6419125,-1.746579446492491,1.2072705950462836,0.442476766412192
2025-07-12 00:00:00+00:00,0.9299999999999999,0.07,0.0,0.0,0.0,-21.686666666666653,0.0,0.0,-0.45270824,-9.860270974773867,-8.896956726737692,1.5498859505700735
2025-07-13 00:00:00+00:00,0.9299999999999999,0.07,0.0,0.0,0.0,0.8304166666666646,-0.031251907,0.0,-1.7385182,8.94225169320454,6.665401053810115,-0.8732810454620488
2025-07-14 00:00:00+00:00,0.94,0.06,0.010000000000000009,-0.010000000000000009,-0.010000000000000009,12.691666666666663,0.23958588,0.3,5.5717797,16.997735657059398,15.731567233279364,-1.8191420164826555
2025-07-15 00:00:00+00:00,0.9299999999999999,0.07,-0.010000000000000009,0.010000000000000009,0.010000000000000009,-16.53666666666666,-1.8125019,0.0,3.173441,-16.667803291711945,-12.14294881459168,2.3500924664683787
2025-07-16 00:00:00+00:00,0.92,0.08,-0.009999999999999898,0.009999999999999995,0.009999999999999995,13.888333333333335,-0.31041908,0.40000004,1.0784416,-0.6643499381510987,-0.5726659009964941,2.5166678237811047
2025-07-17 00:00:00+00:00,0.92,0.08,0.0,0.0,0.0,10.937916666666652,1.5020847,-0.70000005,-11.024112,5.653352125187993,-2.2737919518530103,-5.334990939016282
2025-07-18 00:00:00+00:00,0.9299999999999999,0.07,0.009999999999999898,-0.009999999999999995,-0.009999999999999995,6.115416666666675,3.6041698,0.0,0.011737347,-3.0311539533927734,3.0691531770971836,0.6321502993797967
2025-07-19 00:00:00+00:00,0.9299999999999999,0.07,0.0,0.0,0.0,-33.06333333333333,0.029169083,1.1,7.1978784,-10.119786037442513,-9.333423990170154,1.5507863213398365
2025-07-20 00:00:00+00:00,0.92,0.08,-0.009999999999999898,0.009999999999999995,0.009999999999999995,8.329166666666666,-3.8229198,6.9999995,-2.6799564,5.936452409211347,5.076724984944126,0.599819981067895
2025-07-21 00:00:00+00:00,0.91,0.09,-0.010000000000000009,0.009999999999999995,0.009999999999999995,-3.7408333333333275,-2.020834,6.5999994,5.656419,2.8624543712322255,0.08096438397525718,-2.190226876747514
2025-07-22 00:00:00+00:00,0.92,0.08,0.010000000000000009,-0.009999999999999995,-0.009999999999999995,2.435833333333335,-0.29791832,-11.999999,-0.6350975,11.8396537095805,18.01616185840039,3.4701187760057595
2025-07-23 00:00:00+00:00,0.9299999999999999,0.07,0.009999999999999898,-0.009999999999999995,-0.009999999999999995,11.769999999999996,0.0708313,-1.5,-5.979824,-11.961446993623037,-14.553262001957378,1.407438323132293
2025-07-24 00:00:00+00:00,0.92,0.08,-0.009999999999999898,0.009999999999999995,0.009999999999999995,7.0745833333333366,0.9916706,-0.3,-3.922832,3.5206032479815463,-1.9281795584979888,-4.022769835686423
2025-07-25 00:00:00+00:00,0.92,0.08,0.0,0.0,0.0,-0.7400000000000091,0.39583206,0.39999992,2.0835505,-3.042323231010524,4.2642797914897335,3.1865417930189044
2025-07-26 00:00:00+00:00,0.92,0.08,0.0,0.0,0.0,-9.677083333333329,0.73750114,-0.49999994,1.0828185,-8.340760994023764,-9.55916242903606,2.245535912112384
2025-07-27 00:00:00+00:00,0.92,0.08,0.0,0.0,0.0,-10.58208333333333,-2.552082,5.499999,-0.53808975,7.40629985413923,2.8931191214194296,-2.5969965413961793
2025-07-28 00:00:00+00:00,0.92,0.08,0.0,0.0,0.0,9.676249999999996,-0.76667213,-5.499999,2.1764088,14.001625268738138,16.793353700556846,0.2749887879953894
2025-07-29 00:00:00+00:00,0.91,0.09,-0.010000000000000009,0.009999999999999995,0.009999999999999995,-5.4595833333333275,0.5145874,1.3999997,-0.5740795,-11.77766472404509,-11.438095050445575,0.6474713257026199
2025-07-30 00:00:00+00:00,0.92,0.08,0.010000000000000009,-0.009999999999999995,-0.009999999999999995,-2.734166666666681,0.06666756,-1.4999998,-0.22306156,-1.1242044149132102,-0.9572289274265566,0.8288891421277755
2025-07-31 00:00:00+00:00,0.91,0.09,-0.010000000000000009,0.009999999999999995,0.009999999999999995,13.073333333333338,0.56874466,14.100001,2.1573792,0.7376568851705789,-1.339333267460352,-1.2849464549419043
2025-08-01 00:00:00+00:00,0.91,0.09,0.0,0.0,0.0,-1.5479166666666657,-1.0770798,-13.500001,-0.5006447,-1.2724828834402513,1.8523057630070894,1.896435937920149
2025-08-02 00:00:00+00:00,0.91,0.09,0.0,0.0,0.0,-25.481666666666662,-1.1208353,1.0999999,1.8931026,-5.472812015743001,-8.973668005246815,-1.7991915755546595
2025-08-03 00:00:00+00:00,0.91,0.09,0.0,0.0,0.0,-18.3675,1.8604212,0.39999986,1.3082352,3.326122325205716,5.536712287005063,0.5962763808180505
2025-08-04 00:00:00+00:00,0.92,0.08,0.010000000000000009,-0.009999999999999995,-0.009999999999999995,12.56666666666667,2.9249992,-0.39999986,2.2579613,18.584809894425092,18.621974893804673,0.5356704634304821
2025-08-05 00:00:00+00:00,0.92,0.08,0.0,0.0,0.0,-25.952083333333338,-2.4937515,-1.5,-3.2319508,-15.770603222533774,-14.427705535544977,1.9986587260585997
2025-08-06 00:00:00+00:00,0.92,0.08,0.0,0.0,0.0,34.77875,-0.45624924,-0.9000001,-7.133507,0.8910974127080418,-1.7455286169778872,-0.7078255099344455
2025-08-07 00:00:00+00:00,0.9,0.1,-0.020000000000000018,0.020000000000000004,0.020000000000000004,-0.5758333333333283,2.5020828,0.0,4.4233685,0.8795188903309104,0.35307570367563157,-1.2330797520625936
2025-08-08 00:00:00+00:00,0.92,0.08,0.020000000000000018,-0.020000000000000004,-0.020000000000000004,7.696249999999999,-0.03125,0.0,-0.6657553,-1.4941305299961516,-0.44689379404538876,-0.16691514649951333
2025-08-09 00:00:00+00:00,0.91,0.09,-0.010000000000000009,0.009999999999999995,0.009999999999999995,-20.35,-1.09375,0.0,-1.9211845,-7.722028914683632,-9.472885088770466,-2.116028443179685
2025-08-10 00:00:00+00:00,0.9,0.1,-0.010000000000000009,0.010000000000000009,0.010000000000000009,-4.595416666666665,1.114584,0.0,-1.5659833,4.9821497007895506,7.560851799860224,0.6822007683368048
2025-08-11 00:00:00+00:00,0.92,0.08,0.020000000000000018,-0.020000000000000004,-0.020000000000000004,29.79333333333333,2.6833324,0.0,2.9111714,21.073314765115583,18.32154747749114,-1.7724710243978814
2025-08-12 00:00:00+00:00,0.91,0.09,-0.010000000000000009,0.009999999999999995,0.009999999999999995,10.0625,3.0166664,0.0,-2.5606952,-14.310364217193783,-12.250683753671044,-0.026251899173024285
2025-08-13 00:00:00+00:00,0.9299999999999999,0.07,0.019999999999999907,-0.01999999999999999,-0.01999999999999999,16.332499999999996,0.06458664,0.0,-0.027721882,-1.7201485699012364,-1.8427005370504235,-0.1449520805131721
2025-08-14 00:00:00+00:00,0.92,0.08,-0.009999999999999898,0.009999999999999995,0.009999999999999995,-2.3404166666666697,-0.46250153,1.5,1.7012854,-1.4281288500303857,-3.3521594831551704,-2.027112788863983
2025-08-15 00:00:00+00:00,0.94,0.06,0.019999999999999907,-0.020000000000000004,-0.020000000000000004,-28.065416666666664,-2.9729195,-1.5,-1.1207008,-14.550006398699956,-10.991198220207622,1.661343330998133
2025-08-16 00:00:00+00:00,0.94,0.06,0.0,0.0,0.0,-11.197916666666664,-2.866663,0.2,4.03349,12.594488107901448,13.580228221611579,2.452910589979973
2025-08-17 00:00:00+00:00,0.9299999999999999,0.07,-0.010000000000000009,0.010000000000000009,0.010000000000000009,2.286666666666676,-1.4687557,-0.2,-1.3762436,-1.5130607784577865,-2.9907297263899846,1.0260976107229869
2025-08-18 00:00:00+00:00,0.92,0.08,-0.009999999999999898,0.009999999999999995,0.009999999999999995,25.57999999999999,2.9375038,0.1,-0.32615376,18.898001093397067,15.65955722029262,-1.9630533849900655
2025-08-19 00:00:00+00:00,0.9299999999999999,0.07,0.009999999999999898,-0.009999999999999995,-0.009999999999999995,-10.11,1.2395859,-0.1,-0.5026121,-12.262871406224441,-10.31712746191069,-0.2876152396999454
2025-08-20 00:00:00+00:00,0.9299999999999999,0.07,0.0,0.0,0.0,4.437916666666666,-3.1666698,0.0,2.4249153,-5.159465680135811,-3.2140785990181664,1.6548684489829935
2025-08-21 00:00:00+00:00,0.92,0.08,-0.009999999999999898,0.009999999999999995,0.009999999999999995,-3.2466666666666697,-0.71458244,0.0,1.78619,0.8261845385744593,-2.4932099250206674,-1.6976520120388194
2025-08-22 00:00:00+00:00,0.9299999999999999,0.07,0.009999999999999898,-0.009999999999999995,-0.009999999999999995,8.26166666666667,-2.4187489,0.5,-5.6622143,-0.584374224246631,-0.41780073295216713,-1.5118684435004748
2025-08-23 00:00:00+00:00,0.92,0.08,-0.009999999999999898,0.009999999999999995,0.009999999999999995,-15.75833333333334,0.44791603,-0.19999999,1.8257446,-9.040826356144184,-4.970599304328561,2.785918449470459
2025-08-24 00:00:00+00:00,0.9299999999999999,0.07,0.009999999999999898,-0.009999999999999995,-0.009999999999999995,-6.989166666666662,-0.22083282,-0.3,-4.2378526,6.199195757636955,2.5575234207115383,-1.1284451217624336
2025-08-25 00:00:00+00:00,0.92,0.08,-0.009999999999999898,0.009999999999999995,0.009999999999999995,23.054583333333326,2.5,0.0,1.6354132,19.339728707465966,21.199455347798427,0.671980110424153
2025-08-26 00:00:00+00:00,0.94,0.06,0.019999999999999907,-0.020000000000000004,-0.020000000000000004,1.1483333333333547,3.3875008,0.0,5.2751203,-10.20168606016789,-12.700749693544868,-1.6333756288979706
2025-08-27 00:00:00+00:00,0.9299999999999999,0.07,-0.010000000000000009,0.010000000000000009,0.010000000000000009,9.965833333333322,-1.2791672,0.0,-3.330719,-4.2129523445249895,-3.4685245720975977,-0.9486245024151518
2025-08-28 00:00:00+00:00,0.91,0.09,-0.019999999999999907,0.01999999999999999,0.01999999999999999,-9.142916666666679,-1.5250015,1.3000001,1.7398882,-0.6987018018362212,-0.6095334774544492,-0.8593985392178372
2025-08-29 00:00:00+00:00,0.9299999999999999,0.07,0.019999999999999907,-0.01999999999999999,-0.01999999999999999,-17.80749999999999,-2.8291664,1.4999996,4.292742,-5.015835554696357,0.13936550541806536,4.328598573895581
2025-08-30 00:00:00+00:00,0.91,0.09,-0.019999999999999907,0.01999999999999999,0.01999999999999999,-18.40083333333333,1.1625004,-2.2999997,0.9569931,-4.044769730513432,-10.911481330527605,-2.8716623763319737
2025-08-31 00:00:00+00:00,0.91,0.09,0.0,0.0,0.0,-11.329583333333332,1.6499977,1.6999998,-3.8480291,7.366919598906586,7.884620491621041,-2.066432612025848
2025-09-01 00:00:00+00:00,0.9299999999999999,0.07,0.019999999999999907,-0.01999999999999999,-0.01999999999999999,27.81041666666666,-1.635416,-1.7999998,1.5136614,16.600160055365652,20.496277935203835,1.5137715804398377
2025-09-02 00:00:00+00:00,0.9299999999999999,0.07,0.0,0.0,0.0,3.894583333333344,-0.95624924,-0.3,2.1141043,-15.75636446998716,-13.747000140488176,3.7511779333832873
2025-09-03 00:00:00+00:00,0.9,0.1,-0.029999999999999916,0.03,0.03,-35.4425,2.4416656,1.9,6.912838,1.637750711595265,-3.5796485837953584,-1.3924130287693792
2025-09-04 00:00:00+00:00,0.9299999999999999,0.07,0.029999999999999916,-0.03,-0.03,23.452083333333334,-1.9437485,3.2000003,-7.369437,-0.8575246101834466,-0.4308189413876451,-0.9599535687056293
2025-09-05 00:00:00+00:00,0.9299999999999999,0.07,0.0,0.0,0.0,25.7425,-1.1020851,-5.2000003,-5.191923,-1.8418215061365872,-1.0121815507740606,-0.134731854099579
2025-09-06 00:00:00+00:00,0.9299999999999999,0.07,0.0,0.0,0.0,-37.08,1.7437515,0.0,-0.39789677,-6.648380988328696,-8.031966077922947,-1.6337145042738865
2025-09-07 00:00:00+00:00,0.95,0.05,0.020000000000000018,-0.020000000000000004,-0.020000000000000004,-20.189583333333342,4.083332,0.0,2.5483875,5.806667321179916,7.40190552772143,0.07724792255530133
2025-09-08 00:00:00+00:00,0.95,0.05,0.0,0.0,0.0,71.65500000000002,-1.8895836,0.3,-3.6738281,15.997462763372393,17.386924742391983,1.2555095362837498
2025-09-09 00:00:00+00:00,0.9299999999999999,0.07,-0.020000000000000018,0.020000000000000004,0.020000000000000004,3.38124999999998,-3.5354156,0.099999994,-2.6865172,-12.614200031480504,-13.03587560018693,1.0196141997119712
2025-09-10 00:00:00+00:00,0.92,0.08,-0.009999999999999898,0.009999999999999995,0.009999999999999995,-21.198333333333323,0.79375076,0.0,7.3815312,-2.1171246948223366,-2.9322502213834034,0.23177638015201563
2025-09-11 00:00:00+00:00,0.92,0.08,0.0,0.0,0.0,-45.850833333333334,-1.3604183,1.4000001,6.097142,2.0382117454854964,0.4555542259424672,-1.3369060012307865
2025-09-12 00:00:00+00:00,0.92,0.08,0.0,0.0,0.0,-0.99166666666666,-0.864583,-1.5,-2.003706,-1.3930279180516703,-1.0956941365732442,-1.0434059116374295
2025-09-13 00:00:00+00:00,0.9299999999999999,0.07,0.009999999999999898,-0.009999999999999995,-0.009999999999999995,1.5808333333333309,-0.96874905,9.6,-0.76255417,-11.632256853312594,-7.695565845580753,3.1934803040967963
2025-09-14 00:00:00+00:00,0.94,0.06,0.010000000000000009,-0.010000000000000009,-0.010000000000000009,0.17916666666666714,1.1708336,-4.700001,-0.3174858,9.638877059511675,6.704246187921469,-0.05466768425457236
2025-09-15 00:00:00+00:00,0.95,0.05,0.010000000000000009,-0.009999999999999995,-0.009999999999999995,-32.91375,1.302084,-1.8000002,11.170755,15.907567036203707,17.246700423005112,1.1394252413485129
2025-09-16 00:00:00+00:00,0.91,0.09,-0.039999999999999925,0.039999999999999994,0.039999999999999994,26.219583333333333,-1.4229174,-3.1999996,-5.724352,-13.268530199215068,-13.626270343943437,0.9422310884554141
2025-09-17 00:00:00+00:00,0.931,0.069,0.02100000000000002,-0.02099999999999999,-0.02099999999999999,43.95041666666667,0.2145834,0.50000006,-6.633831,0.8942572664076942,-1.4377072709998107,-1.4249970097416575
2025-09-18 00:00:00+00:00,0.92,0.08,-0.01100000000000001,0.010999999999999996,0.010999999999999996,-12.10791666666666,2.7291641,-0.70000005,-0.6925268,0.2814931636912599,1.5952510123240504,-0.08967395340175877
2025-09-19 00:00:00+00:00,0.94,0.06,0.019999999999999907,-0.020000000000000004,-0.020000000000000004,21.24708333333333,2.6708374,0.0,-3.5589476,1.7741595424515477,-1.7842926601933984,-3.576276003041945
2025-09-20 00:00:00+00:00,0.94,0.06,0.0,0.0,0.0,-39.113749999999996,0.49791527,3.3000002,5.0522013,-15.788381872700953,-9.203850911087397,3.2793256258640047
2025-09-21 00:00:00+00:00,0.95,0.05,0.010000000000000009,-0.009999999999999995,-0.009999999999999995,-11.75875,-7.0250006,-2.8000002,-2.7032661,11.271736315438286,5.818679633772851,-2.57277138619294
2025-09-22 00:00:00+00:00,0.94,0.06,-0.010000000000000009,0.009999999999999995,0.009999999999999995,36.768333333333324,-2.0020828,-0.4,1.2880278,16.263969722235284,20.15142378096366,1.1716594123405644
2025-09-23 00:00:00+00:00,0.95,0.05,0.010000000000000009,-0.009999999999999995,-0.009999999999999995,24.409583333333345,0.46666527,0.0,-0.6753826,-13.948839652967871,-15.920724244853048,-0.5921115881212802
2025-09-24 00:00:00+00:00,0.95,0.05,0.0,0.0,0.0,-26.208333333333343,-0.5145817,-0.1,2.12749,-0.7258429954630663,-0.05042724842547752,0.0731505125627474
2025-09-25 00:00:00+00:00,0.9299999999999999,0.07,-0.020000000000000018,0.020000000000000004,0.020000000000000004,10.719999999999999,-1.46875,0.5,-2.2704191,1.9406799984858503,0.6462652977372807,-1.1811879850675777
2025-09-26 00:00:00+00:00,0.95,0.05,0.020000000000000018,-0.020000000000000004,-0.020000000000000004,15.16958333333335,0.83124924,-0.4,-5.771827,-3.0987460245575527,0.3500474527727837,2.198259698148952
2025-09-27 00:00:00+00:00,0.9299999999999999,0.07,-0.020000000000000018,0.020000000000000004,0.020000000000000004,-13.527500000000003,1.0729179,-0.1,-3.8512554,-10.651060624485943,-12.136869038435593,0.8396576191800897
2025-09-28 00:00:00+00:00,0.94,0.06,0.010000000000000009,-0.010000000000000009,-0.010000000000000009,-6.514166666666682,1.6145821,0.0,0.15629292,8.732086681578833,7.461782744176692,-0.5472143273867913
2025-09-29 00:00:00+00:00,0.94,0.06,0.0,0.0,0.0,26.315000000000012,-0.39374828,0.0,2.3436809,18.80253321203268,18.54617844832194,-0.6773022592250211
2025-09-30 00:00:00+00:00,0.92,0.08,-0.019999999999999907,0.020000000000000004,0.020000000000000004,-0.5417708333333309,0.46874714,0.0,1.0775461,-14.991897175022762,-13.963597133838169,0.2409456546554556
2025-10-01 00:00:00+00:00,0.95,0.05,0.029999999999999916,-0.03,-0.03,0.9826041666666612,-1.6458302,0.0,-2.3682694,-0.032748470338717084,-1.1281509226353736,-0.8412993942295444
2025-10-02 00:00:00+00:00,0.9299999999999999,0.07,-0.020000000000000018,0.020000000000000004,0.020000000000000004,-17.917604166666663,0.81666374,0.0,4.3511186,-0.1876356485858821,0.9837217640052409,0.3146071944901907
2025-10-03 00:00:00+00:00,0.95,0.05,0.020000000000000018,-0.020000000000000004,-0.020000000000000004,-26.676145833333337,-0.8770828,4.1,7.46817,-2.135232838325385,-1.5405971060908574,0.9210104949475162
2025-10-04 00:00:00+00:00,0.94,0.06,-0.010000000000000009,0.009999999999999995,0.009999999999999995,-55.29052083333333,1.072917,11.300001,9.89959,-6.956761092294517,-10.84638269438003,-3.2520395672614555
2025-10-05 00:00:00+00:00,0.94,0.06,0.0,0.0,0.0,8.939791666666668,-1.8291655,-15.300001,-7.4088535,4.136606736504788,8.67890282927738,1.58631067909778
2025-10-06 00:00:00+00:00,0.96,0.04,0.020000000000000018,-0.019999999999999997,-0.019999999999999997,79.87270833333334,0.8541641,-0.1,-7.1757526,20.782029631889674,18.737425131998098,-0.4029070151635783
2025-10-07 00:00:00+00:00,0.96,0.04,0.0,0.0,0.0,28.488020833333323,1.1958342,0.0,-3.6820345,-14.860103257471112,-14.180967760045029,0.1950160131554135
2025-10-08 00:00:00+00:00,0.96,0.04,0.0,0.0,0.0,-7.396354166666654,0.32291698,0.2,-3.3943367,-0.5121027487267282,-1.8582670340433038,-1.1111738687722972
2025-10-09 00:00:00+00:00,0.96,0.04,0.0,0.0,0.0,-11.194062500000001,-1.2770824,0.3,1.8149834,-1.2223568977871357,1.7978976496397792,1.823921801403261
2025-10-10 00:00:00+00:00,0.94,0.06,-0.020000000000000018,0.019999999999999997,0.019999999999999997,-4.346875000000011,0.92916393,-0.5,-3.3029435,-3.883749032960382,-3.5303620413178582,2.2976862952675647
2025-10-11 00:00:00+00:00,0.9299999999999999,0.07,-0.010000000000000009,0.010000000000000009,0.010000000000000009,-2.9841666666666526,0.22291851,0.1,0.6680839,-10.679547340046746,-8.448215309983143,5.293791916109525
2025-10-12 00:00:00+00:00,0.9299999999999999,0.07,0.0,0.0,0.0,-8.078333333333347,-0.014582634,-0.1,2.9259605,12.223468882233357,5.538899636792382,-2.428380052831769
2025-10-13 00:00:00+00:00,0.94,0.06,0.010000000000000009,-0.010000000000000009,-0.010000000000000009,27.598749999999995,-0.10416794,0.1,1.2082992,22.29629794087098,20.909280331301304,-3.1354145642572995
2025-10-14 00:00:00+00:00,0.9299999999999999,0.07,-0.010000000000000009,0.010000000000000009,0.010000000000000009,9.928541666666689,-1.5958338,-0.1,-1.0237012,-17.435650815343106,-14.22739453240478,-0.39661340809060697
2025-10-15 00:00:00+00:00,0.9299999999999999,0.07,0.0,0.0,0.0,-5.416979166666678,1.9073486e-06,0.2,-2.9032688,1.061204804567084,-0.33739820802423104,-1.7502016598776038
2025-10-16 00:00:00+00:00,0.9299999999999999,0.07,0.0,0.0,0.0,-19.659687500000004,-0.07083511,0.0,2.2419257,-2.4203431506183204,-1.2400236881652926,-0.6068327502328996
2025-10-17 00:00:00+00:00,0.94,0.06,0.010000000000000009,-0.010000000000000009,-0.010000000000000009,5.131041666666675,-0.5895815,-0.2,-1.8632922,-2.3389578134123012,-1.5232402619310914,0.19409922894397802
2025-10-18 00:00:00+00:00,0.9299999999999999,0.07,-0.010000000000000009,0.010000000000000009,0.010000000000000009,-12.614791666666676,-0.4833336,0.2,3.7862563,-9.516299278691788,-10.639708270690395,-1.0242329969497255
2025-10-19 00:00:00+00:00,0.9299999999999999,0.07,0.0,0.0,0.0,-27.916354166666657,0.8499994,2.1,4.479637,8.414693129296802,9.27616689629336,-0.06666756788100692
2025-10-20 00:00:00+00:00,0.9299999999999999,0.07,0.0,0.0,0.0,0.9932291666666657,2.666667,0.20000005,7.0555143,14.62983026896566,17.976248422138795,2.842675200638667
2025-10-21 00:00:00+00:00,0.9299999999999999,0.07,0.0,0.0,0.0,2.661354166666662,-1.5770826,0.2999997,0.09593582,-11.474534645595714,-14.881874160058661,-0.12696909097272835
2025-10-22 00:00:00+00:00,0.94,0.06,0.010000000000000009,-0.010000000000000009,-0.010000000000000009,42.69729166666667,-0.45000172,1.0000005,-8.753265,1.2713327221334447,-0.31644832667931944,-1.6816161718270495
2025-10-23 00:00:00+00:00,0.95,0.05,0.010000000000000009,-0.009999999999999995,-0.009999999999999995,-49.34229166666667,-1.2729149,15.500001,15.874323,-1.9108134092000073,1.7352658263178222,1.8960761089845568
2025-10-24 00:00:00+00:00,0.94,0.06,-0.010000000000000009,0.009999999999999995,0.009999999999999995,-22.8525,-3.1187506,-15.100001,-4.818901,-0.14246248376719173,-3.2594661787276324,-1.18946776269373
2025-10-25 00:00:00+00:00,0.94,0.06,0.0,0.0,0.0,-19.228541666666665,0.34375,13.3,-3.4249535,-8.677358152746649,-8.864306983691652,-1.4900351587366134
2025-10-28 00:00:00+00:00,0.96,0.04,0.0,0.0,0.0,1.3398958333333297,1.6041679,-5.2,-0.98106575,-10.30080832491842,-14.131546432221375,-1.1508807957168354
2025-10-29 00:00:00+00:00,0.96,0.04,0.0,0.0,0.0,23.456666666666656,0.5645838,1.9000003,-5.375865,-0.5570012361230336,2.3041761543234007,1.7228224374963297
2025-10-30 00:00:00+00:00,0.9299999999999999,0.07,-0.030000000000000027,0.030000000000000006,0.030000000000000006,-17.632291666666646,-1.9958324,-4.6,0.1399889,3.0484825170423724,-1.170602872186166,-2.472123518514857
2025-10-31 00:00:00+00:00,0.9299999999999999,0.07,0.0,0.0,0.0,-3.802083333333343,1.7562494,-0.6,0.29228878,-7.792084673119104,-1.8630218814226551,3.581762646068387
2025-11-01 00:00:00+00:00,0.95,0.05,0.020000000000000018,-0.020000000000000004,-0.020000000000000004,-26.191354166666663,1.000001,5.9999995,3.821988,-3.307125950892109,-10.337907021783922,-4.0398215236854496
2025-11-02 00:00:00+00:00,0.95,0.05,0.0,0.0,0.0,27.87416666666666,-2.4437513,-3.5999997,-2.4723349,8.340950968140149,16.422651419335455,4.421709739554869
2025-11-03 00:00:00+00:00,0.95,0.05,0.0,0.0,0.0,-4.344583333333333,-0.25416756,-2.3999999,2.0165987,18.4401171519182,10.957623295326968,-2.611903759893508
2025-11-04 00:00:00+00:00,0.96,0.04,0.010000000000000009,-0.010000000000000002,-0.010000000000000002,-8.148645833333326,3.4729166,0.0,-1.7754536,-15.457569904296388,-16.55104094104204,-3.996789909706588
2025-11-05 00:00:00+00:00,0.92,0.08,-0.039999999999999925,0.04,0.04,16.53729166666667,0.44375134,0.0,-2.4903383,-15.56549850970691,2.2378148991027413,15.144313503355887
2025-11-06 00:00:00+00:00,0.95,0.05,0.029999999999999916,-0.03,-0.03,26.409166666666664,-1.7750006,0.0,-4.306014,15.369048663643248,0.39103233887185507,-1.380718711481066
2025-11-07 00:00:00+00:00,0.95,0.05,0.0,0.0,0.0,-5.001979166666672,-0.34166622,0.0,-0.46416473,7.981300317858531,-1.1965192018784876,-10.40175120519795
2025-11-08 00:00:00+00:00,0.94,0.06,-0.010000000000000009,0.009999999999999995,0.009999999999999995,-0.30604166666665833,-0.28541756,0.0,-0.07214832,-19.962760230319844,-9.799128430048153,-0.3132070475471038
2025-11-09 00:00:00+00:00,0.95,0.05,0.010000000000000009,-0.009999999999999995,-0.009999999999999995,-3.5653125000000045,-1.3729162,0.0,0.9615841,6.235816605381627,7.347387571209417,0.8486221473662736
2025-11-10 00:00:00+00:00,0.94,0.06,-0.010000000000000009,0.009999999999999995,0.009999999999999995,-6.097916666666663,-0.6312494,1.8000001,4.7835207,7.942016522672491,10.202847302586592,2.9525665587518346
2025-11-11 00:00:00+00:00,0.961,0.039,0.02100000000000002,-0.020999999999999998,-0.020999999999999998,-11.802604166666669,1.1958323,-1.8000001,2.1075687,-9.151391867684232,-16.10845691845576,-4.175372010113909
2025-11-12 00:00:00+00:00,0.965,0.035,0.0040000000000000036,-0.003999999999999997,-0.003999999999999997,-4.957812500000003,2.0562515,0.0,-0.28853798,19.878456473144123,21.3819812780646,-2.026115212156565
2025-11-13 00:00:00+00:00,0.969,0.031,0.0040000000000000036,-0.0040000000000000036,-0.0040000000000000036,0.712395833333332,1.4624987,0.90000004,-3.1505432,-22.55318357997318,-11.2506828285889,9.323670618267599
2025-11-14 00:00:00+00:00,0.966,0.034,-0.0030000000000000027,0.0030000000000000027,0.0030000000000000027,13.167187499999997,0.44791603,0.49999994,-1.2697392,13.567031925490403,-3.4537755932934733,-8.065940734973843
2025-11-15 00:00:00+00:00,0.965,0.035,-0.0010000000000000009,0.0010000000000000009,0.0010000000000000009,-1.844687499999992,-1.3770819,8.500001,-5.420496,-13.181302195569389,-4.819089717202718,0.29278922159765575
2025-11-16 00:00:00+00:00,0.972,0.028,0.007000000000000006,-0.007000000000000003,-0.007000000000000003,7.091354166666662,-4.9020834,-2.0000005,2.0816002,5.8437996844952655,6.45562265855939,0.8839434196787899
2025-11-17 00:00:00+00:00,0.964,0.036,-0.008000000000000007,0.007999999999999997,0.007999999999999997,4.841770833333342,-3.35,-7.0,2.0939035,18.23796243610656,15.987938251876399,-1.1504712669295536
2025-11-18 00:00:00+00:00,0.969,0.031,0.0050000000000000044,-0.0049999999999999975,-0.0049999999999999975,9.430520833333333,-1.8145835,0.40000004,3.3282108,-14.322222977648758,-14.149465424055174,-1.1311176159756409
2025-11-19 00:00:00+00:00,0.965,0.035,-0.0040000000000000036,0.0040000000000000036,0.0040000000000000036,-0.3128125000000068,1.51875,2.8999996,0.86817074,-3.540946857715843,-3.6537879508918847,-1.2680295627068627
2025-11-20 00:00:00+00:00,0.9659333333333333,0.03406666666666667,0.0009333333333333416,-0.0009333333333333346,-0.0009333333333333346,18.06364583333334,-3.1083336,-1.3,-5.315956,5.065336167274248,1.931646297232903,-4.060257151781421
2025-11-21 00:00:00+00:00,0.9668666666666667,0.033133333333333334,0.0009333333333333416,-0.0009333333333333346,-0.0009333333333333346,16.795520833333327,-0.29791653,-2.6999998,-2.9763198,-6.453012392428425,2.755804860432831,4.4630748909169515
2025-11-22 00:00:00+00:00,0.9678,0.032200000000000006,0.0009333333333333416,-0.0009333333333333277,-0.0009333333333333277,-43.11145833333333,-1.6687502,-0.2,7.9800105,-2.473920066270741,-7.603233098289275,-0.3563335424695113
2025-11-23 00:00:00+00:00,0.9687333333333333,0.03126666666666667,0.0009333333333333416,-0.0009333333333333346,-0.0009333333333333346,-19.285416666666677,3.01875,3.8999999,5.963848,0.656703980686502,2.015912525409458,1.0000827876836316
2025-11-24 00:00:00+00:00,0.9696666666666667,0.030333333333333337,0.0009333333333333416,-0.0009333333333333346,-0.0009333333333333346,40.77020833333333,2.95,5.0,-8.339211,8.81187400209733,15.006455704606026,6.630812174324941
2025-11-25 00:00:00+00:00,0.9706,0.029400000000000003,0.0009333333333333416,-0.0009333333333333346,-0.0009333333333333346,-4.233437499999994,-1.3520827,-8.4,-1.9446211,-5.349620514199271,-11.541880286199957,1.0448061839492429
2025-11-26 00:00:00+00:00,0.9715333333333334,0.028466666666666668,0.0009333333333333416,-0.0009333333333333346,-0.0009333333333333346,25.10822916666669,-0.68541765,-0.5,-2.9593635,-7.194559675918932,-2.8017676669016667,6.099682806356799
2025-11-27 00:00:00+00:00,0.9724666666666667,0.027533333333333337,0.0009333333333333416,-0.0009333333333333312,-0.0009333333333333312,-44.945312500000014,1.6291671,1.1,11.013353,16.473193341077796,1.4629751289549686,-9.749227337580212
2025-11-28 00:00:00+00:00,0.9734,0.026600000000000002,0.0009333333333333416,-0.0009333333333333346,-0.0009333333333333346,-5.274062499999999,3.1645827,2.3999996,-1.4392452,-2.5430369713610235,0.9917389304114343,-5.752902134394344
2025-11-29 00:00:00+00:00,0.9743333333333333,0.02566666666666667,0.0009333333333332305,-0.0009333333333333312,-0.0009333333333333312,3.9746875000000017,0.5145836,-1.6999997,0.2580986,-14.792625975458229,-7.925069154843644,0.8216903692142346
2025-11-30 00:00:00+00:00,0.9752666666666666,0.024733333333333336,0.0009333333333333416,-0.0009333333333333346,-0.0009333333333333346,-3.600625000000008,-3.135417,-1.7,-3.2208757,6.756747167101308,4.479923376060546,-1.4463932851509487
2025-12-01 00:00:00+00:00,0.9762,0.0238,0.0009333333333333416,-0.0009333333333333346,-0.0009333333333333346,5.716562500000009,-0.5708327,0.5,6.687045,18.5638360525044,17.585285311685418,-1.9873117405152856
2025-12-02 00:00:00+00:00,0.9771333333333333,0.022866666666666667,0.0009333333333333416,-0.0009333333333333346,-0.0009333333333333346,3.9453125,2.31875,-0.5,-5.013281,-24.066015694608666,-13.414446083897124,8.147608409279528
2025-12-03 00:00:00+00:00,0.9780666666666666,0.021933333333333336,0.0009333333333333416,-0.0009333333333333312,-0.0009333333333333312,26.250312500000007,-0.49583387,0.1,-6.123514,-1.9974548581463418,-5.316222137265713,5.390120703423529
2025-12-04 00:00:00+00:00,0.979,0.021,0.0009333333333333416,-0.0009333333333333346,-0.0009333333333333346,-16.837291666666687,-0.8104162,1.1,4.482708,15.093188545700066,8.587619712111916,-1.6356999180257903
2025-12-05 00:00:00+00:00,0.9799333333333333,0.02006666666666667,0.0009333333333333416,-0.0009333333333333312,-0.0009333333333333312,4.58927083333333,-1.916667,-1.2,0.041493416,0.18965069715535243,-0.9904794509107084,-2.767072541395832
2025-12-06 00:00:00+00:00,0.9808666666666667,0.019133333333333336,0.0009333333333333416,-0.0009333333333333346,-0.0009333333333333346,-40.208854166666654,4.3937507,2.9,7.7567167,-8.155290250723757,-12.201619030801648,-7.111331941122745
2025-12-07 00:00:00+00:00,0.9818,0.0182,0.0009333333333333416,-0.0009333333333333346,-0.0009333333333333346,-6.201145833333335,2.3979168,3.6999998,-2.7797508,-3.358768682695812,5.573537865894785,2.0652880453724154
2025-12-08 00:00:00+00:00,0.9827333333333333,0.01726666666666667,0.0009333333333333416,-0.0009333333333333312,-0.0009333333333333312,5.4148958333333255,1.4124994,4.0,-2.2161102,17.4420114675498,15.65884944005208,0.24673305894734598
2025-12-09 00:00:00+00:00,0.9836666666666667,0.016333333333333335,0.0009333333333333416,-0.0009333333333333346,-0.0009333333333333346,10.484375,0.09166622,-10.7,1.1034412,-12.743892023183767,-14.787647683898408,-1.7110414645498002
2025-12-10 00:00:00+00:00,0.9846,0.0154,0.0009333333333333416,-0.0009333333333333346,-0.0009333333333333346,-0.6959374999999852,-0.9479141,0.3,-3.3606167,-1.0331411378628808,-4.02775540771354,-4.593055824699277
2025-12-11 00:00:00+00:00,0.9855333333333334,0.01446666666666667,0.0009333333333333416,-0.0009333333333333312,-0.0009333333333333312,15.297604166666673,-4.210418,-0.3,-3.094057,2.9564075053375993,13.632145480691836,5.289232667383215
2025-12-12 00:00:00+00:00,0.9864666666666667,0.013533333333333335,0.0009333333333333416,-0.0009333333333333346,-0.0009333333333333346,13.593645833333326,1.7312493,0.0,-0.039099693,-2.146152089978237,-4.064656943455991,3.8683215793177683
2025-12-13 00:00:00+00:00,0.9874,0.0126,0.0009333333333333416,-0.0009333333333333346,-0.0009333333333333346,-13.988541666666663,-1.3895845,0.3,-4.86558,-8.204101159267275,-9.305249739514931,3.1827516318713722
2025-12-14 00:00:00+00:00,0.9883333333333333,0.011666666666666669,0.0009333333333332305,-0.0009333333333333312,-0.0009333333333333312,-9.272395833333334,-0.61249876,-0.3,6.631409,7.767483893314452,3.597141998065256,-1.3186919586221757
2025-12-15 00:00:00+00:00,0.9892666666666666,0.010733333333333334,0.0009333333333333416,-0.0009333333333333346,-0.0009333333333333346,3.0061458333333206,0.57916737,0.0,2.1879635,17.049823395189467,16.094230170531773,-1.9469963552682823
2025-12-16 00:00:00+00:00,0.9902,0.0098,0.0009333333333333416,-0.0009333333333333346,-0.0009333333333333346,18.23177083333333,2.2791667,2.4,-3.3691053,-16.904109973209955,-14.252801400418901,0.4327931240988736
2025-12-17 00:00:00+00:00,0.9911333333333333,0.008866666666666669,0.0009333333333333416,-0.0009333333333333312,-0.0009333333333333312,-3.6797916666666595,-2.1958342,-2.4,0.66314125,0.7640447967213193,-0.15956933225257375,-0.49561253777747893
2025-12-18 00:00:00+00:00,0.9920666666666667,0.007933333333333334,0.0009333333333333416,-0.0009333333333333346,-0.0009333333333333346,-36.76833333333333,2.6854153,0.1,9.361961,3.9788131869618826,0.958303967586871,-3.3743041027532565
2025-12-19 00:00:00+00:00,0.993,0.007,0.0009333333333333416,-0.0009333333333333338,-0.0009333333333333338,10.13729166666667,-1.0208311,4.8,-8.057757,-8.21765086327073,1.387207681536906,6.1371245151707114
2025-12-20 00:00:00+00:00,0.996,0.004,0.0030000000000000027,-0.003,-0.003,21.30208333333333,-3.954167,-4.8,-5.226227,-4.317917124598203,-8.628824930377643,1.9988869575864765
2025-12-21 00:00:00+00:00,0.994,0.006,-0.0020000000000000018,0.002,0.002,-11.140208333333334,3.2583327,-0.1,2.2093248,4.952896843856481,3.1419304708410145,-0.034049999137009124
2025-12-22 00:00:00+00:00,0.995,0.005,0.0010000000000000009,-0.001,-0.001,0.9084375000000051,-3.829166,0.0,-2.593853,12.761803499227709,18.543451699169378,5.508170462751583
2025-12-23 00:00:00+00:00,0.997,0.003,0.0020000000000000018,-0.002,-0.002,-7.726666666666674,-1.2916665,0.0,6.579772,-2.9695503109117505,-26.253033176435924,-18.183055483975274
2025-12-24 00:00:00+00:00,0.995,0.005,-0.0020000000000000018,0.002,0.002,-14.89,-2.6833339,0.0,6.6036673,-5.180473592391599,14.101589266539682,1.5903721134507318
2025-12-25 00:00:00+00:00,0.996,0.004,0.0010000000000000009,-0.001,-0.001,4.498645833333342,-3.0187502,0.0,-4.338648,-8.240179777241007,-10.992929777845218,-1.0119260166569166
2025-12-26 00:00:00+00:00,0.995,0.005,-0.0010000000000000009,0.001,0.001,29.504895833333336,1.0250002,0.0,-5.241766,13.551806035774705,16.969263266162073,2.097688252028407
2025-12-27 00:00:00+00:00,0.998,0.002,0.0030000000000000027,-0.003,-0.003,-6.4090625000000045,1.6666667,0.0,0.31285286,-8.776032460001415,-12.111609652848488,-0.8938989697389932
2025-12-28 00:00:00+00:00,0.998,0.002,0.0,0.0,0.0,2.5983333333333434,2.0708337,0.0,-2.0929813,-2.3167931001092597,3.1348351316057848,4.456386560467763
2025-12-29 00:00:00+00:00,0.999,0.001,0.0010000000000000009,-0.001,-0.001,3.8480208333333223,-2.2500002,0.0,-2.8661041,13.152600484724807,4.409650216579486,-3.813281077182617
2025-12-30 00:00:00+00:00,0.999,0.001,0.0,0.0,0.0,-7.3387500000000045,1.4958333,0.0,2.1354809,-8.458338307240233,-1.3781290049826866,2.7056870134001705
